-- Migration 041: Seed 5 LMS courses for Ghana Civil Service training
-- Courses, modules, and lessons with real educational content

-- =====================================================
-- COURSE 1: Public Service Ethics & Integrity
-- =====================================================
INSERT OR IGNORE INTO lms_courses (id, title, slug, description, shortDescription, instructorId, category, level, status, estimatedDuration, tags, objectives, prerequisites, passingScore, xpReward, publishedAt)
VALUES (
  'course-seed-001',
  'Public Service Ethics & Integrity',
  'public-service-ethics-integrity',
  'Master the ethical principles and code of conduct that guide Ghana''s civil service. Learn about accountability, transparency, and integrity in public administration.',
  'Learn the ethical foundations of Ghana''s civil service and how to apply them daily.',
  'system',
  'governance',
  'beginner',
  'published',
  240,
  '["ethics","integrity","governance","code of conduct","accountability"]',
  '["Understand the core ethical principles of Ghana''s civil service","Apply the Civil Service Code of Conduct in daily work","Identify and resolve ethical dilemmas in public administration","Promote transparency and accountability in government operations"]',
  '[]',
  70,
  150,
  datetime('now')
);

-- Course 1, Module 1: Foundations of Public Service Ethics
INSERT OR IGNORE INTO lms_modules (id, courseId, title, description, sortOrder, isLocked)
VALUES ('module-seed-001', 'course-seed-001', 'Foundations of Public Service Ethics', 'Explore the core principles that underpin ethical conduct in Ghana''s public service.', 1, 0);

INSERT OR IGNORE INTO lms_lessons (id, moduleId, courseId, title, contentType, content, sortOrder, estimatedDuration, isRequired, isPreviewable, xpReward)
VALUES ('lesson-seed-001', 'module-seed-001', 'course-seed-001', 'What Are Public Service Ethics?', 'text',
'# What Are Public Service Ethics?

Public service ethics are the moral principles and standards that guide the behaviour of civil servants in the discharge of their duties. In Ghana, these ethics are rooted in the 1992 Constitution, the Civil Service Act, and the Code of Conduct for public officers.

## Why Ethics Matter in the Civil Service

As a civil servant, you hold a position of public trust. Citizens rely on you to act in their best interest, manage public resources responsibly, and deliver services fairly. When ethical standards are upheld, public confidence in government grows. When they are violated, trust erodes and development suffers.

## Core Ethical Principles

The following principles form the bedrock of ethical public service in Ghana:

- **Integrity**: Acting honestly and consistently, even when no one is watching.
- **Accountability**: Being answerable for your decisions and actions to the public and your superiors.
- **Transparency**: Conducting government business openly so that citizens can see how decisions are made.
- **Fairness**: Treating all persons equally without discrimination based on ethnicity, gender, religion, or political affiliation.
- **Stewardship**: Managing public resources as a trustee, not an owner.

## The Constitutional Foundation

Article 35(8) of the 1992 Constitution states that the State shall take steps to eradicate corrupt practices and the abuse of power. Chapter Twenty-Four establishes the Code of Conduct for Public Officers, requiring every public officer to submit to the principle that their office is a public trust.

Understanding these foundations is the first step toward becoming an ethical civil servant who serves Ghana with distinction.',
1, 20, 1, 1, 10);

INSERT OR IGNORE INTO lms_lessons (id, moduleId, courseId, title, contentType, content, sortOrder, estimatedDuration, isRequired, isPreviewable, xpReward)
VALUES ('lesson-seed-002', 'module-seed-001', 'course-seed-001', 'The Role of CHRAJ and Accountability Institutions', 'text',
'# The Role of CHRAJ and Accountability Institutions

Ghana has established several institutions to promote ethics and combat corruption in the public sector. Understanding their roles helps civil servants appreciate the accountability framework within which they operate.

## Commission on Human Rights and Administrative Justice (CHRAJ)

CHRAJ is established under Chapter Eighteen of the 1992 Constitution. It serves three main functions:

1. **Human Rights Protection**: Investigates complaints of violations of fundamental rights and freedoms.
2. **Administrative Justice**: Addresses complaints of unfair treatment by public officials and institutions.
3. **Anti-Corruption**: Investigates allegations of corruption and conflict of interest involving public officers.

CHRAJ has the power to investigate any public officer, including the President, and can refer cases to the appropriate authority for action.

## The Auditor-General

The Auditor-General audits all public accounts and reports to Parliament. This institution ensures that public funds are spent as authorized and that financial management practices meet established standards.

## Office of the Special Prosecutor (OSP)

Created in 2017, the OSP investigates and prosecutes cases of corruption involving public officers and politically exposed persons. It operates independently and has the power to recover proceeds of corruption.

## The Public Accounts Committee of Parliament

This parliamentary committee examines the Auditor-General''s reports and holds Ministries, Departments, and Agencies (MDAs) accountable for their use of public funds.

## Your Role in the Accountability Ecosystem

Every civil servant contributes to this system by:

- Maintaining accurate records and documentation
- Reporting suspected irregularities through proper channels
- Cooperating with oversight investigations
- Following procurement and financial management rules

Accountability is not just the job of oversight institutions; it begins with each individual civil servant.',
2, 20, 1, 0, 10);

INSERT OR IGNORE INTO lms_lessons (id, moduleId, courseId, title, contentType, content, sortOrder, estimatedDuration, isRequired, isPreviewable, xpReward)
VALUES ('lesson-seed-003', 'module-seed-001', 'course-seed-001', 'Ethical Decision-Making Framework', 'text',
'# Ethical Decision-Making Framework

Civil servants regularly face situations where the right course of action is not immediately clear. An ethical decision-making framework provides a structured approach to navigating these dilemmas.

## The PLUS Model for Ethical Decisions

When confronted with a difficult decision, apply the PLUS test:

- **P - Policies**: Does this action comply with government policies, regulations, and procedures?
- **L - Legal**: Is this action lawful under Ghana''s Constitution and relevant statutes?
- **U - Universal**: Does this action align with universal ethical principles of fairness, honesty, and respect?
- **S - Self**: Would I be comfortable if this decision were reported in the Daily Graphic or on national television?

If the answer to any of these questions is "no," you should reconsider your course of action.

## Common Ethical Dilemmas in the Civil Service

**Conflict of Interest**: When your personal interests could influence or appear to influence your official duties. For example, participating in a procurement process involving a company owned by a family member.

**Gift-Giving and Hospitality**: Accepting gifts from persons who have business with your office can create obligations or the appearance of impropriety. The general rule is to decline gifts that could reasonably be seen as an attempt to influence your decisions.

**Use of Official Information**: Information obtained in the course of your duties is held in trust. Using it for personal gain or sharing it with unauthorized persons violates this trust.

**Nepotism and Favouritism**: Giving preferential treatment in recruitment, posting, or promotion based on personal relationships rather than merit undermines the civil service.

## Steps to Resolve Ethical Dilemmas

1. **Identify** the ethical issue clearly
2. **Gather** all relevant facts and context
3. **Consider** who is affected and how
4. **Evaluate** options using the PLUS model
5. **Decide** and document your reasoning
6. **Reflect** on the outcome and learn from the experience

When in doubt, consult your supervisor, the ethics office, or CHRAJ for guidance.',
3, 20, 1, 0, 10);

-- Course 1, Module 2: The Civil Service Code of Conduct
INSERT OR IGNORE INTO lms_modules (id, courseId, title, description, sortOrder, isLocked, unlockAfterModuleId)
VALUES ('module-seed-002', 'course-seed-001', 'The Civil Service Code of Conduct', 'A detailed examination of Ghana''s Civil Service Code of Conduct and its application.', 2, 0, 'module-seed-001');

INSERT OR IGNORE INTO lms_lessons (id, moduleId, courseId, title, contentType, content, sortOrder, estimatedDuration, isRequired, isPreviewable, xpReward)
VALUES ('lesson-seed-004', 'module-seed-002', 'course-seed-001', 'Overview of the Code of Conduct', 'text',
'# Overview of the Code of Conduct

The Code of Conduct for public officers in Ghana is established under Chapter Twenty-Four of the 1992 Constitution (Articles 284-288). It sets binding standards of behaviour for all persons holding public office.

## Who Is Covered?

The Code applies to all public officers, including:

- Civil servants at all levels (from entry-level officers to Chief Directors)
- Political appointees and elected officials
- Members of the judiciary
- Officers of state-owned enterprises
- Members of public boards and commissions

## Key Provisions

### Asset Declaration (Article 286)

Every public officer must submit a written declaration of assets and liabilities to the Auditor-General within six months of assuming office, at the end of every four years, and at the end of their term. This includes the assets and liabilities of spouses and dependent children.

### Prohibition of Gifts (Article 284)

A public officer shall not put themselves in a position where their personal interest conflicts with their official duties. Gifts or benefits received by virtue of office that exceed a threshold set by Parliament must be declared and may need to be handed over to the State.

### Confidentiality

Public officers must not disclose information that came to their knowledge by virtue of their office unless authorized to do so or required by law. This obligation continues even after leaving office.

### Political Neutrality

Senior civil servants are expected to serve the government of the day impartially, regardless of which political party is in power. The civil service must remain professional and non-partisan.

## Consequences of Violation

Breaches of the Code of Conduct may result in:

- Disciplinary action, including dismissal
- Criminal prosecution where applicable
- Investigation by CHRAJ or the OSP
- Disqualification from holding public office

Understanding and adhering to the Code is not optional; it is a legal obligation for every public officer in Ghana.',
1, 20, 1, 0, 10);

INSERT OR IGNORE INTO lms_lessons (id, moduleId, courseId, title, contentType, content, sortOrder, estimatedDuration, isRequired, isPreviewable, xpReward)
VALUES ('lesson-seed-005', 'module-seed-002', 'course-seed-001', 'Conflict of Interest and Asset Declaration', 'text',
'# Conflict of Interest and Asset Declaration

Managing conflicts of interest and complying with asset declaration requirements are two critical obligations for every civil servant in Ghana.

## Understanding Conflict of Interest

A conflict of interest arises when a public officer''s private interests -- financial, personal, or otherwise -- could improperly influence the performance of their official duties. Conflicts can be:

- **Actual**: A direct clash between your personal interest and your official duty.
- **Perceived**: A situation where a reasonable person could believe your judgement may be compromised, even if it is not.
- **Potential**: A situation that could develop into a conflict if not managed proactively.

### Common Examples in the Ghana Civil Service

1. A procurement officer evaluating a bid from a company in which their spouse holds shares.
2. A human resource officer involved in the recruitment of a close relative.
3. A director accepting a consultancy engagement from an organization their ministry regulates.
4. A finance officer approving payments to a vendor who is a personal friend.

### How to Manage Conflicts

- **Disclose** the conflict to your supervisor in writing as soon as you become aware of it.
- **Recuse** yourself from decision-making processes where the conflict exists.
- **Divest** the conflicting interest where possible (e.g., selling shares in a regulated company).
- **Document** all steps taken to manage the conflict.

## Asset Declaration

Under Article 286 of the Constitution, public officers must declare their assets and liabilities:

- **When**: Within six months of taking office, every four years during service, and at the end of their term.
- **What**: All properties, bank accounts, investments, debts, and other financial interests, including those of spouses and dependents.
- **To Whom**: The Auditor-General.

Failure to declare assets or making a false declaration is a breach of the Code of Conduct and may result in removal from office.',
2, 20, 1, 0, 10);

INSERT OR IGNORE INTO lms_lessons (id, moduleId, courseId, title, contentType, content, sortOrder, estimatedDuration, isRequired, isPreviewable, xpReward)
VALUES ('lesson-seed-006', 'module-seed-002', 'course-seed-001', 'Whistleblowing and Reporting Misconduct', 'text',
'# Whistleblowing and Reporting Misconduct

Reporting misconduct is both a duty and a protected right for civil servants in Ghana. The Whistleblower Act, 2006 (Act 720) provides the legal framework for disclosing impropriety in the public sector.

## What Is Whistleblowing?

Whistleblowing is the act of reporting information about wrongdoing in an organization to persons or authorities who are in a position to take action. In the context of the civil service, it includes reporting:

- Corruption and bribery
- Misuse or theft of public funds or property
- Fraud and falsification of records
- Abuse of authority
- Actions that endanger public health, safety, or the environment
- Violations of the Code of Conduct

## The Whistleblower Act, 2006 (Act 720)

This Act provides critical protections for persons who disclose information about impropriety:

### Protections Offered

- **Confidentiality**: The identity of the whistleblower shall be kept confidential unless they consent to disclosure or a court orders it.
- **Protection from Retaliation**: It is an offence to victimize, harass, dismiss, suspend, or otherwise penalize a whistleblower.
- **Compensation**: A whistleblower who suffers retaliation may seek damages through the courts.
- **Reward**: A whistleblower may receive a portion of any amount recovered as a result of their disclosure.

### How to Report

Reports can be made to:

1. Your immediate supervisor or head of department
2. The Commission on Human Rights and Administrative Justice (CHRAJ)
3. The Office of the Special Prosecutor (OSP)
4. The Police Service
5. The Auditor-General

Reports may be made orally or in writing. While anonymous reports are accepted, providing your identity allows the investigating body to seek clarification and better protect your interests.

## Creating an Ethical Culture

Whistleblowing should not be seen as "snitching" or betrayal. It is a vital mechanism for maintaining integrity in the public service. Civil servants who report misconduct are fulfilling their constitutional duty to protect the public interest.

Managers have a responsibility to create an environment where staff feel safe to raise concerns without fear of retaliation.',
3, 15, 1, 0, 10);

-- Course 1, Module 3: Ethics in Practice: Case Studies
INSERT OR IGNORE INTO lms_modules (id, courseId, title, description, sortOrder, isLocked, unlockAfterModuleId)
VALUES ('module-seed-003', 'course-seed-001', 'Ethics in Practice: Case Studies', 'Apply ethical principles to realistic scenarios drawn from the Ghana civil service context.', 3, 0, 'module-seed-002');

INSERT OR IGNORE INTO lms_lessons (id, moduleId, courseId, title, contentType, content, sortOrder, estimatedDuration, isRequired, isPreviewable, xpReward)
VALUES ('lesson-seed-007', 'module-seed-003', 'course-seed-001', 'Case Study: Procurement Integrity', 'text',
'# Case Study: Procurement Integrity

## The Scenario

Kwame is a Senior Procurement Officer at a Metropolitan Assembly. His office is conducting a competitive tender for the construction of a new community health centre worth GHS 2.5 million.

During the evaluation process, Kwame discovers that one of the five bidding companies, BuildRight Ltd, is owned by his university classmate, Ama. Ama calls Kwame and asks him to "look favourably" on her bid. She offers to give him 5% of the contract value if BuildRight is selected.

BuildRight''s bid is technically competent but not the lowest. The lowest bid comes from a less well-known company whose technical proposal is also satisfactory.

## Key Ethical Issues

1. **Conflict of Interest**: Kwame has a personal relationship with one of the bidders.
2. **Bribery**: Ama''s offer of 5% constitutes an attempt to bribe a public officer, which is a criminal offence under both the Criminal Offences Act, 1960 and the Public Procurement Act, 2003 (Act 663).
3. **Procurement Integrity**: The Public Procurement Act requires fair, transparent, and competitive procurement processes.

## What Should Kwame Do?

### Step 1: Declare the Conflict

Kwame must immediately disclose in writing to the Head of Entity (the Chief Executive of the Assembly) that he has a personal relationship with the owner of one of the bidding companies.

### Step 2: Recuse Himself

He should request to be removed from the evaluation panel for this particular procurement to ensure the process remains impartial.

### Step 3: Report the Bribery Attempt

The offer of 5% is a criminal matter. Kwame should report this to the appropriate authority, such as the Office of the Special Prosecutor, CHRAJ, or the Police.

### Step 4: Document Everything

Kwame should keep a written record of Ama''s call, the nature of her request, and the steps he took in response.

## Lessons Learned

- Personal relationships do not disappear when you enter public service; what matters is how you manage them.
- Silence in the face of corruption makes you complicit.
- The procurement process has built-in safeguards, but they only work when officers act with integrity.',
1, 25, 1, 0, 10);

INSERT OR IGNORE INTO lms_lessons (id, moduleId, courseId, title, contentType, content, sortOrder, estimatedDuration, isRequired, isPreviewable, xpReward)
VALUES ('lesson-seed-008', 'module-seed-003', 'course-seed-001', 'Case Study: Misuse of Public Resources', 'text',
'# Case Study: Misuse of Public Resources

## The Scenario

Abena is an Administrative Officer at a Regional Coordinating Council. She has access to the office vehicle pool and fuel coupons. Over the past several months, she has noticed that the Regional Director, Mr. Mensah, routinely uses an official vehicle for personal errands on weekends, including trips to his farm outside the regional capital. He also directs the driver to fuel the vehicle using official coupons for these personal trips.

Other staff members are aware of this practice but remain silent because Mr. Mensah controls their performance appraisals and has influence over their career progression.

## Key Ethical Issues

1. **Misuse of Public Property**: Official vehicles and fuel are public resources meant for government business. Using them for personal purposes constitutes misappropriation.
2. **Abuse of Authority**: Mr. Mensah is leveraging his position of power to benefit personally and to discourage others from reporting his actions.
3. **Culture of Silence**: The fear of retaliation has created an environment where misconduct goes unchecked.

## Analysis Using the PLUS Model

- **Policies**: Government vehicle policy restricts official vehicles to authorized use. Weekend personal use violates this policy.
- **Legal**: Misappropriation of public resources violates the Criminal Offences Act. It also breaches the Code of Conduct under Chapter Twenty-Four of the Constitution.
- **Universal**: Using public property for personal gain while others lack resources is fundamentally unfair.
- **Self**: If this appeared in a news report, both Mr. Mensah and those who knew and kept silent would face public censure.

## Recommended Actions for Abena

1. **Document** the instances she has observed, including dates, times, and destinations.
2. **Report internally** to the Chief Director of the Office of the Head of Civil Service, bypassing Mr. Mensah since he is the subject of the complaint.
3. **If internal channels fail**, report to CHRAJ or the Auditor-General under the protection of the Whistleblower Act.
4. **Seek support** from the Public Services Workers Union if she faces any retaliation.

## The Broader Lesson

Small acts of misuse, left unchecked, erode institutional integrity. Today it is a vehicle and fuel; tomorrow it could be contract fraud. Every civil servant has a duty to safeguard public resources, regardless of the rank of the person involved.',
2, 25, 1, 0, 10);


-- =====================================================
-- COURSE 2: Digital Literacy for Civil Servants
-- =====================================================
INSERT OR IGNORE INTO lms_courses (id, title, slug, description, shortDescription, instructorId, category, level, status, estimatedDuration, tags, objectives, prerequisites, passingScore, xpReward, publishedAt)
VALUES (
  'course-seed-002',
  'Digital Literacy for Civil Servants',
  'digital-literacy-civil-servants',
  'Build essential digital skills for the modern civil service. From basic computer operations to cloud tools and cybersecurity awareness.',
  'Essential digital skills for effective government work in the 21st century.',
  'system',
  'technology',
  'beginner',
  'published',
  360,
  '["digital literacy","ICT","cybersecurity","productivity","e-governance"]',
  '["Operate computers and common software applications confidently","Use productivity tools like MS Office and Google Workspace effectively","Communicate professionally using email and digital platforms","Protect government data through cybersecurity best practices"]',
  '[]',
  70,
  200,
  datetime('now')
);

-- Course 2, Module 1: Computer Fundamentals
INSERT OR IGNORE INTO lms_modules (id, courseId, title, description, sortOrder, isLocked)
VALUES ('module-seed-004', 'course-seed-002', 'Computer Fundamentals', 'Build a solid foundation in basic computer operations and file management.', 1, 0);

INSERT OR IGNORE INTO lms_lessons (id, moduleId, courseId, title, contentType, content, sortOrder, estimatedDuration, isRequired, isPreviewable, xpReward)
VALUES ('lesson-seed-009', 'module-seed-004', 'course-seed-002', 'Understanding Computer Hardware and Software', 'text',
'# Understanding Computer Hardware and Software

As a civil servant in Ghana''s increasingly digital government, understanding the basics of computer technology is essential for performing your duties efficiently.

## Hardware: The Physical Components

Computer hardware refers to the tangible parts of a computer system:

- **Central Processing Unit (CPU)**: The "brain" of the computer that processes instructions and performs calculations.
- **Random Access Memory (RAM)**: Temporary storage that the computer uses while running programs. More RAM generally means better performance.
- **Hard Drive / Solid State Drive (SSD)**: Permanent storage where your files, documents, and programs are kept.
- **Monitor**: The display screen where you view your work.
- **Keyboard and Mouse**: Input devices used to interact with the computer.
- **Printer**: Produces physical copies of digital documents -- essential for official correspondence.

## Software: The Programs

Software refers to the programs and applications that run on the hardware:

- **Operating System (OS)**: The foundational software that manages hardware and other software. Most government computers in Ghana run Microsoft Windows.
- **Application Software**: Programs designed for specific tasks, such as Microsoft Word for documents, Excel for spreadsheets, and web browsers for internet access.
- **System Software**: Utilities like antivirus programs and backup tools that maintain the computer.

## Government IT Standards

The Ministry of Communications and Digitalisation has set guidelines for ICT usage in government. Your Ministry, Department, or Agency (MDA) likely has an IT unit that manages:

- Hardware procurement and maintenance
- Software licensing and updates
- Network and internet connectivity
- Technical support for staff

## Best Practices for Government Equipment

- Keep your computer locked (Windows Key + L) when stepping away from your desk
- Do not install unauthorized software on government computers
- Report hardware problems to your IT unit promptly
- Keep your workspace clean and well-ventilated to protect equipment

Understanding these basics empowers you to use technology as a tool for better public service delivery.',
1, 15, 1, 1, 10);

INSERT OR IGNORE INTO lms_lessons (id, moduleId, courseId, title, contentType, content, sortOrder, estimatedDuration, isRequired, isPreviewable, xpReward)
VALUES ('lesson-seed-010', 'module-seed-004', 'course-seed-002', 'File Management and Organization', 'text',
'# File Management and Organization

Effective file management is crucial for civil servants who handle large volumes of documents, reports, and correspondence daily. A well-organized digital filing system saves time, reduces errors, and supports institutional memory.

## Understanding the File System

Your computer organizes information in a hierarchy:

- **Drives**: Storage devices identified by letters (e.g., C: for your main drive, D: for secondary storage)
- **Folders**: Containers that organize files into logical groups
- **Files**: Individual documents, spreadsheets, images, or other data items

## Creating an Effective Folder Structure

Adopt a consistent folder structure that mirrors your work responsibilities:

```
My Documents/
  +-- Correspondence/
  |     +-- Incoming/
  |     +-- Outgoing/
  |     +-- Memos/
  +-- Reports/
  |     +-- Monthly/
  |     +-- Annual/
  |     +-- Special/
  +-- Projects/
  |     +-- Project_Name_2024/
  +-- Templates/
  +-- Personal/
```

## File Naming Conventions

Use clear, descriptive file names that help you find documents quickly:

- **Good**: `2024-03-15_Monthly-Report_Finance-Division.docx`
- **Poor**: `report final final (2).docx`

A recommended format: `YYYY-MM-DD_Description_Author.extension`

## Essential File Operations

- **Copy** (Ctrl+C, Ctrl+V): Creates a duplicate of a file in a new location
- **Move** (Ctrl+X, Ctrl+V): Transfers a file from one location to another
- **Rename** (F2): Changes the name of a file or folder
- **Delete** (Delete key): Moves a file to the Recycle Bin
- **Search** (Windows Key, then type): Quickly finds files by name or content

## Backing Up Your Work

Government data is valuable and often irreplaceable. Protect your files by:

- Saving important documents to the network drive (if available) in addition to your local computer
- Using the government-approved cloud storage solution
- Creating regular backups of critical files on an external drive
- Never relying on a single copy of an important document

## The Transition to Digital Records

Ghana''s e-Government initiative is moving public records from paper to digital formats. Understanding file management positions you to participate effectively in this transformation.',
2, 20, 1, 0, 10);

INSERT OR IGNORE INTO lms_lessons (id, moduleId, courseId, title, contentType, content, sortOrder, estimatedDuration, isRequired, isPreviewable, xpReward)
VALUES ('lesson-seed-011', 'module-seed-004', 'course-seed-002', 'Navigating the Internet Safely', 'text',
'# Navigating the Internet Safely

The internet is an indispensable tool for modern civil service work, from researching policy to accessing government portals and communicating with stakeholders. Knowing how to navigate it safely and effectively is essential.

## Web Browsers

A web browser is the application you use to access the internet. Common browsers include:

- **Google Chrome**: The most widely used browser, known for speed and compatibility
- **Microsoft Edge**: The default browser on Windows computers
- **Mozilla Firefox**: A privacy-focused alternative

### Browser Best Practices

- Keep your browser updated to the latest version for security patches
- Use bookmarks to save frequently visited government portals and resources
- Clear your browsing history and cache periodically on shared computers
- Be cautious with browser extensions; only install those approved by your IT unit

## Effective Internet Research

When researching for official purposes:

1. **Use reputable sources**: Government websites (.gov.gh), international organizations (UN, World Bank), and peer-reviewed journals
2. **Verify information**: Cross-check facts across multiple reliable sources
3. **Check dates**: Ensure the information is current, especially for legal and policy matters
4. **Cite sources**: Always attribute information in your reports and policy documents

### Key Government Portals for Ghana Civil Servants

- **ghana.gov.gh**: The official government portal
- **ohcs.gov.gh**: Office of the Head of Civil Service
- **mofep.gov.gh**: Ministry of Finance
- **ppaghana.org**: Public Procurement Authority
- **gra.gov.gh**: Ghana Revenue Authority

## Recognizing Online Threats

Be alert to common internet dangers:

- **Phishing websites**: Fake sites designed to steal your login credentials. Always check the URL carefully before entering passwords.
- **Malicious downloads**: Files from untrusted websites may contain viruses. Only download from official sources.
- **Fake news and misinformation**: Verify information before sharing, especially on social media.
- **Unsecured websites**: Look for "https://" and a padlock icon in the address bar before entering sensitive information.

## Internet Usage Policy

Most government institutions have an Acceptable Use Policy for internet access. Typically, this prohibits:

- Accessing inappropriate or illegal content
- Using government internet for extensive personal activities
- Downloading unauthorized software
- Sharing confidential government information on public platforms

Use the internet as a professional tool, and it will greatly enhance your productivity and effectiveness as a civil servant.',
3, 20, 1, 0, 10);

-- Course 2, Module 2: Productivity Tools
INSERT OR IGNORE INTO lms_modules (id, courseId, title, description, sortOrder, isLocked, unlockAfterModuleId)
VALUES ('module-seed-005', 'course-seed-002', 'Productivity Tools (MS Office & Google)', 'Master the software tools used daily in government offices.', 2, 0, 'module-seed-004');

INSERT OR IGNORE INTO lms_lessons (id, moduleId, courseId, title, contentType, content, sortOrder, estimatedDuration, isRequired, isPreviewable, xpReward)
VALUES ('lesson-seed-012', 'module-seed-005', 'course-seed-002', 'Microsoft Word for Official Documents', 'text',
'# Microsoft Word for Official Documents

Microsoft Word is the standard word processing application used across Ghana''s civil service for creating official documents, reports, memoranda, and correspondence.

## Essential Skills for Government Documents

### Document Formatting

Official government documents follow established formatting standards:

- **Font**: Times New Roman, size 12, is the standard for most official correspondence
- **Spacing**: 1.5 or double spacing for formal documents
- **Margins**: Standard government margins are typically 1 inch (2.54 cm) on all sides
- **Alignment**: Body text is usually justified (aligned on both left and right margins)
- **Page Numbers**: Required on all documents longer than one page

### Creating Official Letter Heads

Many MDAs have pre-formatted templates for official correspondence. To use them:

1. Open the template file (usually stored on the network drive or provided by your IT unit)
2. Use "Save As" to create a new document -- never edit the template directly
3. Fill in the required fields: reference number, date, recipient details, and body text

### Working with Styles

Styles ensure consistency throughout long documents:

- **Heading 1**: For main sections (e.g., "1.0 Introduction")
- **Heading 2**: For sub-sections (e.g., "1.1 Background")
- **Normal**: For body text
- Use styles consistently to enable automatic Table of Contents generation

### Track Changes and Collaboration

Government documents often go through multiple reviews:

- **Track Changes** (Review tab > Track Changes): Records all edits made to a document
- **Comments** (Review tab > New Comment): Adds notes without changing the text
- **Accept/Reject Changes**: The final reviewer can approve or reject individual edits
- Always turn off Track Changes before sending the final version

### Essential Keyboard Shortcuts

- **Ctrl+S**: Save (do this frequently!)
- **Ctrl+B**: Bold
- **Ctrl+Z**: Undo
- **Ctrl+P**: Print
- **Ctrl+F**: Find text in document

Mastering Word enables you to produce professional documents that reflect well on your office and the civil service as a whole.',
1, 20, 1, 0, 10);

INSERT OR IGNORE INTO lms_lessons (id, moduleId, courseId, title, contentType, content, sortOrder, estimatedDuration, isRequired, isPreviewable, xpReward)
VALUES ('lesson-seed-013', 'module-seed-005', 'course-seed-002', 'Microsoft Excel for Data and Reporting', 'text',
'# Microsoft Excel for Data and Reporting

Microsoft Excel is an essential tool for civil servants involved in data management, budgeting, reporting, and analysis. Understanding its core features will significantly improve your efficiency.

## Understanding the Excel Interface

- **Workbook**: An Excel file that contains one or more worksheets
- **Worksheet**: A single sheet (tab) within a workbook
- **Cell**: The intersection of a row and column, identified by a reference like A1, B5, etc.
- **Formula Bar**: Displays and allows editing of the content in the selected cell

## Essential Formulas

These formulas are used daily in government reporting:

| Formula | Purpose | Example |
|---------|---------|---------|
| =SUM() | Adds a range of numbers | =SUM(B2:B50) |
| =AVERAGE() | Calculates the mean | =AVERAGE(C2:C50) |
| =COUNT() | Counts cells with numbers | =COUNT(D2:D50) |
| =IF() | Makes logical comparisons | =IF(E2>70,"Pass","Fail") |
| =VLOOKUP() | Looks up data in a table | =VLOOKUP(A2,Sheet2!A:B,2,FALSE) |

## Creating Government Reports in Excel

### Budget Tracking

Civil servants frequently use Excel for budget monitoring:

1. Create columns for: Budget Line Item, Approved Budget, Actual Expenditure, Variance, and Percentage Used
2. Use formulas to calculate Variance (=Approved - Actual) and Percentage (=Actual/Approved*100)
3. Apply conditional formatting to highlight overspending (red) and underspending (yellow)

### Data Tables and Formatting

- Use **Format as Table** (Home tab) to create structured, filterable data tables
- Apply **number formatting** for currency (GHS), percentages, and dates
- Use **borders and shading** to make tables readable when printed

### Charts and Graphs

Visualize data for presentations and reports:

1. Select your data range
2. Go to Insert tab > Charts
3. Choose the appropriate chart type (bar charts for comparisons, line charts for trends, pie charts for proportions)
4. Add clear titles and labels

## Protecting Sensitive Data

Government spreadsheets often contain sensitive financial data:

- Use **Protect Sheet** (Review tab) to prevent accidental edits
- Use **Password Protection** on workbooks containing confidential information
- Be cautious when sharing Excel files via email; remove hidden sheets and personal information first

Excel proficiency is one of the most valued digital skills in the civil service.',
2, 25, 1, 0, 10);

INSERT OR IGNORE INTO lms_lessons (id, moduleId, courseId, title, contentType, content, sortOrder, estimatedDuration, isRequired, isPreviewable, xpReward)
VALUES ('lesson-seed-014', 'module-seed-005', 'course-seed-002', 'Google Workspace and Cloud Collaboration', 'text',
'# Google Workspace and Cloud Collaboration

As Ghana''s civil service embraces digital transformation, cloud-based tools like Google Workspace are becoming increasingly important for collaboration, document sharing, and remote work capabilities.

## What Is Google Workspace?

Google Workspace (formerly G Suite) is a collection of cloud-based productivity tools that includes:

- **Google Docs**: Word processing (similar to Microsoft Word)
- **Google Sheets**: Spreadsheets (similar to Microsoft Excel)
- **Google Slides**: Presentations (similar to Microsoft PowerPoint)
- **Google Drive**: Cloud file storage and sharing
- **Google Calendar**: Scheduling and event management
- **Google Meet**: Video conferencing

## Advantages of Cloud Collaboration

### Real-Time Collaboration

Multiple team members can work on the same document simultaneously. This is particularly useful for:

- Drafting committee reports where multiple divisions contribute sections
- Collecting data from regional offices into a shared spreadsheet
- Reviewing and commenting on policy documents without emailing versions back and forth

### Version History

Every change is automatically saved, and you can view the complete editing history. This eliminates the problem of "final_report_v3_FINAL_REVISED.docx" and ensures accountability for changes.

### Access from Anywhere

Cloud documents can be accessed from any device with an internet connection, enabling civil servants to work from regional offices, during field visits, or while attending conferences.

## Using Google Drive Effectively

### Organizing Shared Drives

Government teams should organize shared drives logically:

- Create separate folders for each project, committee, or work stream
- Use consistent naming conventions across the team
- Set appropriate sharing permissions (view-only for most, edit access for contributors)

### Sharing Permissions

- **Viewer**: Can see the document but cannot make changes
- **Commenter**: Can add comments but not edit the document
- **Editor**: Can make changes to the document

**Important**: Always set the most restrictive permission level necessary. Do not share government documents with "Anyone with the link" unless the content is meant to be public.

## Security Considerations

- Use your official government email account for Google Workspace
- Enable two-factor authentication on your account
- Do not store classified or highly sensitive documents on cloud platforms unless your MDA has approved it
- Review sharing permissions regularly and revoke access when projects end

Cloud tools enhance collaboration and efficiency, but they require responsible use to protect government information.',
3, 20, 1, 0, 10);

-- Course 2, Module 3: Email & Communication Best Practices
INSERT OR IGNORE INTO lms_modules (id, courseId, title, description, sortOrder, isLocked, unlockAfterModuleId)
VALUES ('module-seed-006', 'course-seed-002', 'Email & Communication Best Practices', 'Communicate professionally through email and digital channels.', 3, 0, 'module-seed-005');

INSERT OR IGNORE INTO lms_lessons (id, moduleId, courseId, title, contentType, content, sortOrder, estimatedDuration, isRequired, isPreviewable, xpReward)
VALUES ('lesson-seed-015', 'module-seed-006', 'course-seed-002', 'Professional Email Etiquette', 'text',
'# Professional Email Etiquette

Email is the primary digital communication tool in Ghana''s civil service. Writing professional emails reflects on you, your office, and the entire service. Mastering email etiquette is essential for effective communication.

## Structure of a Professional Email

### Subject Line

The subject line should clearly indicate the purpose of the email:

- **Good**: "Request for Q3 Budget Variance Report - Finance Division"
- **Poor**: "Hello" or "Important" or (blank)

### Salutation

- Formal: "Dear Mr. Asante," or "Dear Madam Director,"
- Semi-formal: "Good morning, Dr. Mensah,"
- Never start an official email with "Hey" or "Hi" alone

### Body

- State your purpose in the first paragraph
- Provide necessary details in subsequent paragraphs
- Keep paragraphs short (3-4 sentences maximum)
- Use bullet points for lists or multiple requests
- Be concise but complete

### Closing

- Formal: "Yours faithfully," (if you don''t know the recipient) or "Yours sincerely," (if you do)
- Semi-formal: "Kind regards," or "Best regards,"
- Include your full name, title, division, and contact information in your signature

## Essential Email Rules for Civil Servants

### Use CC and BCC Appropriately

- **To**: The person(s) who need to take action
- **CC** (Carbon Copy): People who need to be informed but are not expected to act
- **BCC** (Blind Carbon Copy): Use when emailing a large group where recipients should not see each other''s addresses

### Reply vs. Reply All

Think carefully before using "Reply All." Only include people who genuinely need the information. Unnecessary "Reply All" messages waste colleagues'' time.

### Handling Attachments

- Reference attachments in the email body: "Please find attached the quarterly report."
- Use descriptive file names for attachments
- Compress large files before sending
- Check that you have actually attached the file before clicking Send

### Tone and Professionalism

- Avoid using ALL CAPS (it reads as shouting)
- Do not use informal abbreviations (e.g., "pls" instead of "please")
- Re-read your email before sending, especially if the topic is sensitive
- When in doubt about tone, err on the side of formality

### Response Time

- Acknowledge receipt of important emails within 24 hours, even if you cannot provide a full response immediately
- If you need more time, reply briefly: "Thank you for your email. I will provide a detailed response by Friday."

Professional email communication builds trust and facilitates efficient government operations.',
1, 20, 1, 0, 10);

INSERT OR IGNORE INTO lms_lessons (id, moduleId, courseId, title, contentType, content, sortOrder, estimatedDuration, isRequired, isPreviewable, xpReward)
VALUES ('lesson-seed-016', 'module-seed-006', 'course-seed-002', 'Virtual Meetings and Video Conferencing', 'text',
'# Virtual Meetings and Video Conferencing

The COVID-19 pandemic accelerated the adoption of virtual meetings in Ghana''s civil service. Video conferencing is now a standard tool for interdepartmental coordination, stakeholder consultations, and remote collaboration.

## Common Video Conferencing Platforms

- **Google Meet**: Integrated with Google Workspace; widely used in government
- **Microsoft Teams**: Part of the Microsoft 365 suite
- **Zoom**: Popular for external meetings and large webinars

## Preparing for a Virtual Meeting

### Technical Setup

- **Test your equipment** 10 minutes before the meeting: camera, microphone, and speakers
- **Check your internet connection**: A stable connection prevents disruptions. Use a wired connection if WiFi is unreliable.
- **Close unnecessary applications**: This frees up computer resources for the video call
- **Ensure adequate lighting**: Position yourself facing a light source so your face is clearly visible

### Professional Environment

- Choose a quiet location with minimal background noise
- Use a neutral, professional background. Most platforms offer virtual background options if your physical space is not ideal.
- Dress professionally, at least from the waist up

## During the Meeting

### Etiquette

- **Mute when not speaking**: Background noise (traffic, conversations, typing) disrupts the meeting for everyone
- **Use the chat feature** for questions rather than interrupting the speaker
- **Raise your hand** (physical or virtual) before speaking in larger meetings
- **Look at the camera** when speaking to create the impression of eye contact
- **Be punctual**: Join 2-3 minutes early to resolve any technical issues

### Participation

- Introduce yourself when joining, especially if not all participants know each other
- Speak clearly and at a moderate pace; audio quality can vary
- Share your screen when presenting documents or data
- Summarize key points and action items at the end

## Hosting a Virtual Meeting

As the host, you have additional responsibilities:

1. **Send a calendar invite** with the meeting link, agenda, and any pre-reading materials at least 24 hours in advance
2. **Start the meeting on time** and manage the agenda
3. **Assign a note-taker** to capture minutes and action items
4. **Record the meeting** (with participants'' consent) if important for the record
5. **Share minutes** within 24 hours, clearly listing action items and responsible persons

Virtual meetings are powerful tools when used effectively. They save travel time and costs while enabling collaboration across geographic distances.',
2, 20, 1, 0, 10);

-- Course 2, Module 4: Cybersecurity & Data Protection
INSERT OR IGNORE INTO lms_modules (id, courseId, title, description, sortOrder, isLocked, unlockAfterModuleId)
VALUES ('module-seed-007', 'course-seed-002', 'Cybersecurity & Data Protection', 'Protect government systems and data from cyber threats.', 4, 0, 'module-seed-006');

INSERT OR IGNORE INTO lms_lessons (id, moduleId, courseId, title, contentType, content, sortOrder, estimatedDuration, isRequired, isPreviewable, xpReward)
VALUES ('lesson-seed-017', 'module-seed-007', 'course-seed-002', 'Understanding Cyber Threats', 'text',
'# Understanding Cyber Threats

Government institutions are prime targets for cyber attacks because they hold sensitive citizen data, financial information, and national security intelligence. As a civil servant, understanding common cyber threats is your first line of defence.

## Common Cyber Threats

### Phishing

Phishing is the most common attack vector targeting government employees. Attackers send emails that appear to come from trusted sources to trick you into:

- Clicking malicious links that install malware
- Entering your login credentials on fake websites
- Downloading infected attachments

**Example**: You receive an email appearing to be from the Controller and Accountant-General''s Department asking you to "verify your payroll details" by clicking a link. The email creates urgency: "Your salary payment will be delayed if you do not respond within 24 hours."

**Red Flags**:
- Unexpected requests for personal or financial information
- Poor grammar and spelling
- Generic greetings ("Dear User" instead of your name)
- Mismatched sender address (the display name says CAGD but the email is from a Gmail account)
- Pressure to act immediately

### Ransomware

Ransomware encrypts your files and demands payment (usually in cryptocurrency) for the decryption key. Government systems are particularly vulnerable because:

- They often run older software with known vulnerabilities
- Downtime can disrupt critical public services
- There is pressure to pay to restore operations quickly

### Social Engineering

Attackers manipulate people rather than technology. A caller might impersonate an IT support officer and ask for your password, or someone might follow you through a secure door without swiping their own access card.

### Insider Threats

Not all threats come from outside. Disgruntled employees, careless staff, or contractors with excessive access can compromise data security from within.

## Protecting Yourself and Your Office

- Never click links or open attachments in suspicious emails
- Verify unusual requests by contacting the sender through a known phone number
- Report suspected phishing emails to your IT unit immediately
- Keep your computer''s antivirus software active and up to date
- Do not share your password with anyone, including IT staff (legitimate IT support will never ask for your password)',
1, 20, 1, 0, 10);

INSERT OR IGNORE INTO lms_lessons (id, moduleId, courseId, title, contentType, content, sortOrder, estimatedDuration, isRequired, isPreviewable, xpReward)
VALUES ('lesson-seed-018', 'module-seed-007', 'course-seed-002', 'Password Security and Authentication', 'text',
'# Password Security and Authentication

Weak passwords are the most common entry point for unauthorized access to government systems. Strengthening your password practices is one of the simplest yet most effective security measures you can take.

## Creating Strong Passwords

A strong password should be:

- **At least 12 characters long** (longer is better)
- **A mix of character types**: uppercase letters, lowercase letters, numbers, and special characters
- **Unpredictable**: Not based on personal information like your name, birthday, or staff ID number

### The Passphrase Approach

Instead of trying to remember complex random strings, use a passphrase -- a sequence of unrelated words with added complexity:

- **Weak**: `password123` or `Ghana2024`
- **Strong**: `Mango$River7Kente!Star`
- **Stronger**: `MyDog@te3Fufu&Loved1t!`

### What to Avoid

- Dictionary words on their own (e.g., "sunshine")
- Sequential numbers (e.g., "123456")
- Personal information (e.g., your staff number, spouse''s name)
- The same password for multiple accounts
- Passwords written on sticky notes attached to your monitor

## Two-Factor Authentication (2FA)

Two-factor authentication adds a second layer of security beyond your password. Even if someone obtains your password, they cannot access your account without the second factor.

### How It Works

1. You enter your username and password (something you **know**)
2. The system sends a code to your phone or authenticator app (something you **have**)
3. You enter the code to complete the login

### Enable 2FA Wherever Possible

- Government email accounts
- Financial management systems (GIFMIS)
- HR management systems
- Any system that handles sensitive data

## Password Management

Managing many strong passwords can be challenging:

- **Use a password manager**: Applications like the built-in browser password manager or dedicated tools can securely store your passwords
- **Change passwords regularly**: Follow your MDA''s password policy (typically every 90 days)
- **Never share passwords**: If a colleague needs access to a system, request that IT create a separate account for them
- **Change compromised passwords immediately**: If you suspect your password has been exposed, change it right away and report the incident

## Government Account Security

When you leave your desk, even briefly:

- Lock your computer (Windows Key + L)
- Log out of sensitive systems
- Never leave your computer unattended and unlocked in a public area

Password security is everyone''s responsibility. One compromised account can put the entire network at risk.',
2, 20, 1, 0, 10);

INSERT OR IGNORE INTO lms_lessons (id, moduleId, courseId, title, contentType, content, sortOrder, estimatedDuration, isRequired, isPreviewable, xpReward)
VALUES ('lesson-seed-019', 'module-seed-007', 'course-seed-002', 'Ghana''s Data Protection Act and Your Responsibilities', 'text',
'# Ghana''s Data Protection Act and Your Responsibilities

The Data Protection Act, 2012 (Act 843) establishes the legal framework for the protection of personal data in Ghana. As a civil servant who handles citizen data, understanding this Act is critical.

## Overview of the Data Protection Act

The Act was enacted to protect the privacy of individuals and regulate the collection, use, and disclosure of personal data. It established the Data Protection Commission (DPC) as the regulatory body.

## Key Principles of Data Protection

The Act establishes eight principles that govern the processing of personal data:

1. **Accountability**: Data controllers (your MDA) are responsible for ensuring compliance.
2. **Lawfulness**: Personal data must be processed lawfully and fairly.
3. **Specification of Purpose**: Data must be collected for a specific, explicitly defined, and legitimate purpose.
4. **Compatibility of Further Processing**: Any further use of data must be compatible with the original purpose.
5. **Quality of Information**: Data must be accurate, complete, and kept up to date.
6. **Openness**: The existence and nature of data processing must be transparent.
7. **Data Security Safeguards**: Appropriate measures must be taken to protect personal data.
8. **Data Subject Participation**: Individuals have the right to know what data is held about them and to request corrections.

## What Counts as Personal Data?

Personal data includes any information that can identify an individual:

- Names and contact details
- National identification numbers (Ghana Card, SSNIT)
- Financial information (bank details, tax records)
- Health records
- Employment records
- Biometric data (fingerprints, photographs)

## Your Responsibilities as a Civil Servant

### Collecting Data

- Only collect data that is necessary for your official functions
- Inform citizens why their data is being collected and how it will be used
- Obtain consent where required

### Storing Data

- Keep physical files in locked cabinets
- Use strong passwords and encryption for digital records
- Limit access to personal data on a need-to-know basis
- Dispose of data securely when it is no longer needed (shred physical documents, securely delete digital files)

### Sharing Data

- Only share personal data with authorized persons for legitimate purposes
- Use secure channels (not personal WhatsApp groups) for transmitting sensitive data
- Maintain records of data sharing for accountability

### Data Breaches

If you discover or suspect a data breach:

1. Report it to your supervisor and IT unit immediately
2. Document what happened, what data was affected, and when the breach was discovered
3. The MDA must notify the Data Protection Commission
4. Take steps to contain the breach and prevent recurrence

Protecting citizen data is not just a legal obligation -- it is fundamental to maintaining public trust in the civil service.',
3, 20, 1, 0, 10);


-- =====================================================
-- COURSE 3: Performance Management Fundamentals
-- =====================================================
INSERT OR IGNORE INTO lms_courses (id, title, slug, description, shortDescription, instructorId, category, level, status, estimatedDuration, tags, objectives, prerequisites, passingScore, xpReward, publishedAt)
VALUES (
  'course-seed-003',
  'Performance Management Fundamentals',
  'performance-management-fundamentals',
  'Learn Ghana''s civil service performance management system, including goal setting, performance agreements, appraisals, and annual reporting.',
  'Master the performance management cycle used in Ghana''s civil service.',
  'system',
  'management',
  'intermediate',
  'published',
  300,
  '["performance management","appraisal","goal setting","career development","civil service"]',
  '["Develop SMART performance goals aligned with organizational objectives","Draft and negotiate effective performance agreements","Conduct fair and constructive performance appraisals","Prepare comprehensive annual performance reports"]',
  '[]',
  70,
  175,
  datetime('now')
);

-- Course 3, Module 1: Performance Planning & Goal Setting
INSERT OR IGNORE INTO lms_modules (id, courseId, title, description, sortOrder, isLocked)
VALUES ('module-seed-008', 'course-seed-003', 'Performance Planning & Goal Setting', 'Learn to set effective goals and create meaningful performance agreements.', 1, 0);

INSERT OR IGNORE INTO lms_lessons (id, moduleId, courseId, title, contentType, content, sortOrder, estimatedDuration, isRequired, isPreviewable, xpReward)
VALUES ('lesson-seed-020', 'module-seed-008', 'course-seed-003', 'The Performance Management Cycle in Ghana''s Civil Service', 'text',
'# The Performance Management Cycle in Ghana''s Civil Service

Ghana''s civil service uses a structured Performance Management System (PMS) to ensure that individual efforts contribute to national development goals. Understanding this system is essential for every civil servant.

## The Legal and Policy Framework

The Performance Management System is guided by:

- The Civil Service Act
- The Fair Wages and Salaries Commission Act, 2007 (Act 737)
- OHCS Performance Management Policy
- Annual performance management guidelines issued by OHCS

## The Four Phases of the Performance Cycle

### Phase 1: Performance Planning (January - February)

This is the beginning of the cycle where:

- Organizational goals for the year are cascaded from the national level down to MDAs, divisions, and units
- Individual officers develop their Key Result Areas (KRAs) in alignment with their unit''s objectives
- Performance Agreements are drafted and signed between the officer and their supervisor

### Phase 2: Performance Monitoring (March - June)

During this phase:

- Supervisors regularly check on the progress of their staff
- Informal feedback is provided continuously
- Mid-year reviews may be conducted
- Performance issues are identified early and addressed through coaching or training

### Phase 3: Performance Appraisal (July - September)

The formal mid-year and end-of-year appraisal process involves:

- Self-assessment by the officer
- Assessment by the immediate supervisor
- Discussion and feedback session between officer and supervisor
- Rating and scoring based on agreed criteria

### Phase 4: Performance Reporting and Reward (October - December)

The cycle concludes with:

- Compilation of individual and organizational performance reports
- Identification of training and development needs
- Recognition and reward of high performers
- Initiation of performance improvement plans for underperformers

## Why Performance Management Matters

A well-implemented PMS:

- Aligns individual work with Ghana''s national development agenda
- Provides a fair basis for promotions, training, and postings
- Identifies skill gaps and development needs
- Motivates staff through recognition and constructive feedback
- Ensures accountability for results

Understanding the cycle is the foundation; the following lessons will equip you with the skills to excel at each phase.',
1, 20, 1, 1, 10);

INSERT OR IGNORE INTO lms_lessons (id, moduleId, courseId, title, contentType, content, sortOrder, estimatedDuration, isRequired, isPreviewable, xpReward)
VALUES ('lesson-seed-021', 'module-seed-008', 'course-seed-003', 'Setting SMART Goals for Civil Service Work', 'text',
'# Setting SMART Goals for Civil Service Work

Effective performance management begins with well-defined goals. The SMART framework is the standard used in Ghana''s civil service for setting performance targets.

## The SMART Framework

### S - Specific

Goals must clearly define what is to be accomplished. Vague goals lead to confusion and inconsistent results.

- **Vague**: "Improve service delivery"
- **Specific**: "Reduce the processing time for passport applications from 10 working days to 5 working days"

### M - Measurable

You must be able to quantify progress and determine when the goal has been achieved.

- **Not measurable**: "Handle more citizen complaints"
- **Measurable**: "Resolve 90% of citizen complaints within 48 hours of receipt"

### A - Achievable

Goals should stretch you but remain realistic given your resources, authority, and constraints.

- Consider: Do you have the skills, tools, budget, and authority to achieve this goal?
- Unrealistic goals demotivate; achievable goals build confidence and momentum.

### R - Relevant

Goals must align with your unit''s objectives, your MDA''s strategic plan, and ultimately Ghana''s national development priorities.

- Ask: How does this goal contribute to my division''s mandate?
- Ensure your goals connect to the broader mission of your MDA.

### T - Time-bound

Every goal needs a deadline or timeframe for completion.

- **Open-ended**: "Update the personnel database"
- **Time-bound**: "Complete the update of the personnel database for all 500 staff records by March 31"

## Writing SMART Goals: Examples for Civil Servants

### Administrative Officer
"Process and dispatch 100% of incoming official correspondence within 24 hours of receipt throughout Q1-Q4."

### Budget Analyst
"Prepare and submit the draft annual budget estimates for the Division to the Finance Director by September 30, achieving 95% accuracy in line with GIFMIS templates."

### Human Resource Officer
"Coordinate the completion of annual performance appraisals for all 200 staff members in the Ministry by December 15, ensuring 100% compliance."

## Tips for Effective Goal Setting

1. Start with your MDA''s annual work plan and strategic objectives
2. Discuss goals with your supervisor before finalizing them
3. Limit yourself to 4-6 key goals to maintain focus
4. Include both quantitative targets and qualitative standards
5. Document all goals in your Performance Agreement form
6. Review and adjust goals if circumstances change significantly (with supervisor approval)

Well-crafted SMART goals are the foundation of a successful performance year.',
2, 25, 1, 0, 10);

INSERT OR IGNORE INTO lms_lessons (id, moduleId, courseId, title, contentType, content, sortOrder, estimatedDuration, isRequired, isPreviewable, xpReward)
VALUES ('lesson-seed-022', 'module-seed-008', 'course-seed-003', 'Drafting Your Performance Agreement', 'text',
'# Drafting Your Performance Agreement

The Performance Agreement is the cornerstone document of Ghana''s civil service performance management system. It is a written commitment between an officer and their supervisor, outlining expected results for the performance year.

## What Is a Performance Agreement?

A Performance Agreement is a formal document that specifies:

- The officer''s Key Result Areas (KRAs) for the year
- Specific targets and performance indicators for each KRA
- The resources and support the officer will receive
- The standards by which performance will be evaluated

It is not a one-sided document imposed by management. It is a negotiated agreement that both parties sign and commit to.

## Components of the Performance Agreement

### 1. Officer Details

- Name, staff ID, grade level, and position
- Division, unit, and reporting supervisor
- Performance period (typically January to December)

### 2. Key Result Areas (KRAs)

KRAs are the major areas of responsibility where you are expected to deliver results. They should be derived from:

- Your job description
- Your unit''s annual work plan
- Your MDA''s strategic objectives
- Directives from your supervisor

Typically, an officer will have 4-6 KRAs.

### 3. Performance Targets

For each KRA, specify:

- **What** will be achieved (the target)
- **How much** or **how well** (the quality/quantity standard)
- **By when** (the timeline)
- **How it will be measured** (evidence/indicators)

### 4. Competency Requirements

The Agreement may include behavioural competencies expected of the officer, such as:

- Teamwork and collaboration
- Communication skills
- Initiative and innovation
- Customer service orientation
- Leadership (for supervisory roles)

### 5. Development Plan

Identify training or development needs that will help the officer achieve their targets or prepare for future responsibilities.

## The Negotiation Process

1. **Prepare**: Review your job description, last year''s appraisal, and your unit''s work plan
2. **Draft**: Write your proposed KRAs and targets
3. **Discuss**: Meet with your supervisor to review and refine the targets
4. **Agree**: Both parties should feel the targets are fair, achievable, and aligned with organizational goals
5. **Sign**: Both officer and supervisor sign the Agreement
6. **Copy**: Keep copies for both parties; submit the original to HR

## Common Mistakes to Avoid

- Setting targets that are too vague to measure
- Agreeing to targets without the resources to achieve them
- Failing to align personal targets with unit objectives
- Not updating the Agreement when major changes occur mid-year
- Treating the Agreement as a formality rather than a working document

Your Performance Agreement is your professional roadmap for the year. Take it seriously and refer to it regularly.',
3, 25, 1, 0, 10);

-- Course 3, Module 2: Performance Monitoring & Appraisal
INSERT OR IGNORE INTO lms_modules (id, courseId, title, description, sortOrder, isLocked, unlockAfterModuleId)
VALUES ('module-seed-009', 'course-seed-003', 'Performance Monitoring & Appraisal', 'Master the art of continuous monitoring and fair performance appraisal.', 2, 0, 'module-seed-008');

INSERT OR IGNORE INTO lms_lessons (id, moduleId, courseId, title, contentType, content, sortOrder, estimatedDuration, isRequired, isPreviewable, xpReward)
VALUES ('lesson-seed-023', 'module-seed-009', 'course-seed-003', 'Continuous Performance Monitoring', 'text',
'# Continuous Performance Monitoring

Performance monitoring is the ongoing process of tracking progress toward agreed targets. It is not a one-time event but a continuous practice that enables timely intervention and support.

## Why Continuous Monitoring Matters

In many civil service organizations, performance is only discussed during the formal appraisal at year-end. This approach has significant drawbacks:

- Problems that could have been resolved early escalate
- Officers may work on the wrong priorities for months without correction
- There is no opportunity to recognize and reinforce good performance in real time
- The year-end appraisal becomes a surprise rather than a summary

Continuous monitoring addresses all of these issues.

## Methods of Performance Monitoring

### 1. Regular Check-Ins

Schedule brief (15-30 minute) one-on-one meetings with your supervisor at least monthly. Use this time to:

- Review progress on key targets
- Discuss challenges and obstacles
- Agree on priorities for the coming period
- Seek guidance on difficult tasks

### 2. Progress Reports

Many MDAs require monthly or quarterly progress reports. These should:

- State the targets for the period
- Report actual achievement against each target
- Explain any variances (why targets were missed or exceeded)
- Outline planned activities for the next period

### 3. Performance Dashboards

Some MDAs use digital dashboards that display key performance indicators in real time. If your organization uses one, update it regularly and use the data to guide your work.

### 4. Direct Observation

Supervisors should observe staff in action, not to police them, but to understand how they work, provide coaching, and identify training needs.

## Providing and Receiving Feedback

### For Supervisors

- Give feedback promptly -- do not wait months to address an issue
- Be specific: "The budget report you submitted on Tuesday had three calculation errors" is more useful than "Your work needs improvement"
- Balance corrective feedback with recognition of what is going well
- Focus on behaviour and results, not personality

### For Officers

- Seek feedback proactively; do not wait to be told
- Listen without becoming defensive
- Ask clarifying questions: "Can you give me an example?"
- Take notes and follow up on agreed actions
- View feedback as an investment in your development

## Documenting Performance

Keep a performance log throughout the year:

- Record key achievements and challenges as they happen
- Save evidence of completed work (reports, emails, approvals)
- Note feedback received from supervisors, colleagues, and stakeholders
- Track training attended and skills developed

This documentation will be invaluable during the formal appraisal and will ensure that no significant achievement or challenge is forgotten.',
1, 25, 1, 0, 10);

INSERT OR IGNORE INTO lms_lessons (id, moduleId, courseId, title, contentType, content, sortOrder, estimatedDuration, isRequired, isPreviewable, xpReward)
VALUES ('lesson-seed-024', 'module-seed-009', 'course-seed-003', 'Conducting Fair Performance Appraisals', 'text',
'# Conducting Fair Performance Appraisals

The performance appraisal is the formal assessment of an officer''s work during the review period. Conducted fairly, it motivates staff and drives improvement. Done poorly, it breeds resentment and disengagement.

## The Appraisal Process in Ghana''s Civil Service

### Step 1: Self-Assessment

The officer completes a self-assessment form, rating their own performance against each target in their Performance Agreement. This should include:

- A summary of achievements for each KRA
- Evidence supporting the claimed achievements
- An honest assessment of areas where targets were not met, with explanations
- A reflection on competencies demonstrated during the period

### Step 2: Supervisor Assessment

The supervisor independently evaluates the officer''s performance using:

- The Performance Agreement as the primary reference
- Performance data and reports from the period
- Observations and feedback gathered throughout the year
- Input from colleagues, stakeholders, or clients where appropriate

### Step 3: Appraisal Discussion

This is a face-to-face meeting between the officer and supervisor. It is the most important part of the process.

**Best practices for the discussion:**

- Schedule adequate time (at least 45 minutes) in a private setting
- Start with the officer''s self-assessment
- Discuss areas of agreement and disagreement
- Use specific examples and evidence, not generalizations
- Acknowledge achievements genuinely before discussing areas for improvement
- Listen actively to the officer''s perspective
- Agree on final ratings together where possible
- Discuss development needs and career aspirations

### Step 4: Rating and Scoring

Ghana''s civil service typically uses a rating scale:

| Rating | Description |
|--------|-------------|
| 5 | Outstanding: Consistently exceeds all targets |
| 4 | Very Good: Exceeds most targets |
| 3 | Good: Meets all or most targets |
| 2 | Fair: Meets some targets but falls short on others |
| 1 | Poor: Fails to meet most targets |

Each KRA is rated, and a weighted average produces the overall performance score.

## Common Appraisal Biases to Avoid

- **Recency bias**: Basing the entire assessment on the last few weeks rather than the whole period
- **Halo effect**: Allowing one positive quality to influence the entire assessment
- **Central tendency**: Rating everyone as "average" to avoid difficult conversations
- **Leniency/severity bias**: Consistently rating too high or too low
- **Personal bias**: Allowing personal relationships to affect professional assessments

## After the Appraisal

- Both parties sign the completed appraisal form
- The form is submitted to the next-level supervisor for review and endorsement
- Final copies go to HR for the officer''s personal file
- Follow up on agreed development actions within the specified timeframes',
2, 30, 1, 0, 10);

INSERT OR IGNORE INTO lms_lessons (id, moduleId, courseId, title, contentType, content, sortOrder, estimatedDuration, isRequired, isPreviewable, xpReward)
VALUES ('lesson-seed-025', 'module-seed-009', 'course-seed-003', 'Handling Performance Challenges', 'text',
'# Handling Performance Challenges

Not every performance situation is straightforward. Supervisors and officers must know how to address underperformance, disputes, and special circumstances constructively.

## Identifying Underperformance

Underperformance occurs when an officer consistently fails to meet the standards set in their Performance Agreement. Signs include:

- Missed deadlines and incomplete tasks
- Frequent errors requiring rework
- Low output compared to peers with similar responsibilities
- Poor attendance or punctuality
- Lack of initiative or engagement

## Root Causes of Underperformance

Before taking corrective action, understand why performance is below expectations:

- **Skill gaps**: The officer lacks the knowledge or skills required
- **Resource constraints**: Insufficient tools, equipment, or budget to achieve targets
- **Personal issues**: Health problems, family challenges, or financial stress
- **Workload**: Unrealistic targets or too many competing demands
- **Motivation**: Disengagement due to lack of recognition, poor management, or unclear career prospects
- **Work environment**: Toxic team dynamics, harassment, or poor working conditions

## The Performance Improvement Plan (PIP)

When informal coaching has not resolved underperformance, a formal Performance Improvement Plan may be necessary.

### Components of a PIP

1. **Specific performance gaps**: Clearly identify what is below standard, with evidence
2. **Expected standards**: State what acceptable performance looks like
3. **Support measures**: Training, mentoring, resources, or workload adjustments to be provided
4. **Timeline**: Typically 30-90 days for improvement
5. **Monitoring schedule**: Regular check-ins (weekly or bi-weekly) to track progress
6. **Consequences**: What happens if performance does not improve (e.g., transfer, demotion, or disciplinary action)

### Important Guidelines

- A PIP should be a genuine effort to help the officer improve, not a precursor to dismissal
- Both parties must sign the PIP
- Document all coaching sessions and progress reviews
- Give the officer a fair opportunity to succeed

## Handling Appraisal Disputes

If an officer disagrees with their appraisal rating:

1. **Discussion**: First attempt to resolve the disagreement through dialogue with the supervisor
2. **Next-level review**: Escalate to the supervisor''s superior for review
3. **HR mediation**: If still unresolved, request mediation through the Human Resource division
4. **Formal grievance**: As a last resort, the officer may file a formal grievance through established channels

## Supporting High Performers

Performance management is not only about addressing problems. High performers also need attention:

- Recognize and celebrate excellent performance publicly
- Provide opportunities for challenging assignments and professional growth
- Consider them for training, conferences, and exchange programs
- Recommend them for promotion or accelerated advancement
- Seek their input as mentors for less experienced colleagues

A balanced approach to performance management creates a culture where excellence is recognized and challenges are addressed with fairness and support.',
3, 25, 1, 0, 10);

-- Course 3, Module 3: Annual Reporting & Career Development
INSERT OR IGNORE INTO lms_modules (id, courseId, title, description, sortOrder, isLocked, unlockAfterModuleId)
VALUES ('module-seed-010', 'course-seed-003', 'Annual Reporting & Career Development', 'Complete the performance cycle and plan for professional growth.', 3, 0, 'module-seed-009');

INSERT OR IGNORE INTO lms_lessons (id, moduleId, courseId, title, contentType, content, sortOrder, estimatedDuration, isRequired, isPreviewable, xpReward)
VALUES ('lesson-seed-026', 'module-seed-010', 'course-seed-003', 'Preparing Annual Performance Reports', 'text',
'# Preparing Annual Performance Reports

The annual performance report is a comprehensive document that summarizes individual and organizational achievement for the performance year. It serves as the official record of what was accomplished and informs decisions about promotions, training, and resource allocation.

## Individual Annual Report

### Structure

Your individual annual report should include:

1. **Personal Information**: Name, staff ID, grade, position, and reporting period
2. **Summary of Key Achievements**: For each KRA in your Performance Agreement, state what was achieved and provide supporting evidence
3. **Challenges Encountered**: Honest account of obstacles faced and how you addressed them
4. **Training and Development**: Courses, workshops, or self-study completed during the year
5. **Competency Development**: How you grew in areas like leadership, communication, or technical skills
6. **Recommendations**: Suggestions for improving processes, resources, or working conditions

### Writing Tips

- **Be specific and quantitative**: "Processed 1,247 pension applications, 98% within the 10-day service standard" is better than "Processed many applications efficiently"
- **Use evidence**: Reference specific reports, data, correspondence, or commendations
- **Be honest about shortcomings**: Acknowledge areas where targets were not met and explain why
- **Connect achievements to organizational goals**: Show how your work contributed to the MDA''s mandate
- **Be concise**: Quality matters more than length

## Organizational Performance Report

Supervisors and heads of units compile organizational performance reports that aggregate individual results:

### Components

- Overall achievement rate against the annual work plan
- Key accomplishments and milestones
- Performance statistics (percentage of staff meeting targets)
- Resource utilization (budget, equipment, personnel)
- Challenges and recommendations for the next year
- Staff development activities and outcomes

## Using Performance Data

Performance reports generate data that should inform:

- **Promotions**: Officers with consistently high ratings should be considered for advancement
- **Training**: Identified skill gaps guide training and development plans
- **Postings**: Performance data can inform decisions about transfers and assignments
- **Budgeting**: Resource constraints highlighted in reports should inform budget requests
- **Policy**: Systemic challenges identified across multiple reports may indicate a need for policy change

## Timelines and Submission

- Individual reports are typically due within two weeks of the end of the performance year
- Organizational reports follow once individual reports have been compiled
- HR divisions aggregate data for the MDA''s annual report to OHCS
- Late submission of performance reports may delay promotions and other HR actions

Treat your annual report as your professional portfolio for the year. It is the definitive record of your contribution to Ghana''s civil service.',
1, 20, 1, 0, 10);

INSERT OR IGNORE INTO lms_lessons (id, moduleId, courseId, title, contentType, content, sortOrder, estimatedDuration, isRequired, isPreviewable, xpReward)
VALUES ('lesson-seed-027', 'module-seed-010', 'course-seed-003', 'Career Development Planning in the Civil Service', 'text',
'# Career Development Planning in the Civil Service

Career development in Ghana''s civil service is not left to chance. The service provides a structured career path with clear grades, promotion criteria, and development opportunities. Understanding and actively managing your career development is essential for professional growth.

## The Civil Service Grade Structure

Ghana''s civil service uses a hierarchical grade structure:

| Grade Level | Typical Positions |
|------------|-------------------|
| Director / Chief Director | Head of Division, Chief Director of Ministry |
| Deputy Director | Deputy Head of Division |
| Assistant Director | Senior programme or policy officer |
| Principal Officer | Experienced professional officer |
| Senior Officer | Officer with several years of experience |
| Officer | Entry-level graduate officer |

Progression through these grades depends on:

- **Years of service**: Minimum time-in-grade requirements
- **Performance**: Consistently good or better appraisal ratings
- **Qualifications**: Required academic and professional qualifications
- **Vacancies**: Availability of positions at the next grade level
- **Examinations**: Promotion examinations administered by OHCS for certain transitions

## Creating Your Career Development Plan

A career development plan is a personal roadmap for professional growth. It should cover:

### 1. Self-Assessment

- What are your strengths and areas for improvement?
- What aspects of your work do you enjoy most?
- What are your long-term career aspirations?

### 2. Short-Term Goals (1-2 years)

- Skills to develop for your current role
- Courses, certifications, or training to pursue
- Performance targets to achieve

### 3. Medium-Term Goals (3-5 years)

- The next grade level you aim to achieve
- Leadership or management competencies to build
- Professional networks to develop
- Secondment or exchange opportunities to seek

### 4. Long-Term Goals (5-10 years)

- Your target position within the civil service
- Advanced qualifications to obtain (Master''s degree, professional certifications)
- Areas of expertise to become known for

## Development Opportunities in Ghana''s Civil Service

- **OHCS Training Programmes**: Regular courses on leadership, management, and technical skills
- **Ghana Institute of Management and Public Administration (GIMPA)**: Offers degree and certificate programmes tailored to public service professionals
- **Secondments**: Temporary assignments to other MDAs, international organizations, or partner governments
- **Scholarships**: Government and donor-funded scholarships for further studies
- **Mentoring**: Seek out senior officers who can guide your career development
- **Self-Study**: Online courses, professional reading, and skill-building on your own initiative

## Taking Ownership of Your Career

The civil service provides the structure, but your career development is ultimately your responsibility. Be proactive:

- Discuss your career goals with your supervisor during appraisal discussions
- Seek feedback and act on it
- Volunteer for challenging assignments that build new competencies
- Stay current with developments in your professional field
- Build relationships across MDAs to broaden your perspective and opportunities

Your career in the civil service is a marathon, not a sprint. Plan thoughtfully and invest consistently in your growth.',
2, 25, 1, 0, 10);


-- =====================================================
-- COURSE 4: Effective Public Communication
-- =====================================================
INSERT OR IGNORE INTO lms_courses (id, title, slug, description, shortDescription, instructorId, category, level, status, estimatedDuration, tags, objectives, prerequisites, passingScore, xpReward, publishedAt)
VALUES (
  'course-seed-004',
  'Effective Public Communication',
  'effective-public-communication',
  'Enhance your written and verbal communication skills for government correspondence, public speaking, and stakeholder engagement.',
  'Strengthen your communication skills for effective government service.',
  'system',
  'communication',
  'intermediate',
  'published',
  240,
  '["communication","writing","public speaking","stakeholder engagement","media relations"]',
  '["Write clear and professional government correspondence and memoranda","Deliver confident and structured public presentations","Engage effectively with diverse stakeholders and the media","Apply communication protocols appropriate for government settings"]',
  '[]',
  70,
  150,
  datetime('now')
);

-- Course 4, Module 1: Official Correspondence & Memo Writing
INSERT OR IGNORE INTO lms_modules (id, courseId, title, description, sortOrder, isLocked)
VALUES ('module-seed-011', 'course-seed-004', 'Official Correspondence & Memo Writing', 'Master the formats and conventions of government written communication.', 1, 0);

INSERT OR IGNORE INTO lms_lessons (id, moduleId, courseId, title, contentType, content, sortOrder, estimatedDuration, isRequired, isPreviewable, xpReward)
VALUES ('lesson-seed-028', 'module-seed-011', 'course-seed-004', 'Types of Official Correspondence', 'text',
'# Types of Official Correspondence

Government communication follows established formats and conventions. Understanding the different types of official correspondence and when to use each is fundamental for every civil servant.

## The Official Letter

The most common form of external government communication, used for correspondence between MDAs and with external organizations.

### Key Elements

- **Reference Number**: A unique identifier following your MDA''s referencing system (e.g., OHCS/ADM/VOL.3/25)
- **Date**: Written in full (e.g., 15th March, 2024)
- **Addressee**: The official title and address of the recipient
- **Subject Line**: A concise statement of the letter''s purpose, usually underlined
- **Salutation**: "Dear Sir/Madam" or "Dear Mr./Mrs./Dr. [Name]"
- **Body**: The substance of the communication, organized in numbered paragraphs
- **Complimentary Close**: "Yours faithfully" (formal) or "Yours sincerely" (when you know the recipient)
- **Signature Block**: Name, title, and "for: Head of Civil Service" or the appropriate authority

## The Internal Memorandum (Memo)

Used for communication within an MDA or between divisions of the same ministry.

### Standard Memo Format

```
MEMORANDUM

TO:       [Recipient''s name and title]
FROM:     [Your name and title]
DATE:     [Date]
SUBJECT:  [Brief, descriptive subject]
REF:      [Reference number]

[Body of the memo]

[Signature]
```

Memos are generally less formal than official letters but must still be professional and clear.

## The Circular

Used to communicate policies, directives, or information to a wide audience within the civil service.

- Issued by authorized officers (typically Directors and above)
- Numbered sequentially for reference
- Must clearly state effective dates and who is affected

## The Cabinet Memorandum

A specialized document used to present policy proposals or issues to the Cabinet for consideration. These follow a strict format prescribed by the Cabinet Secretariat.

## Minutes and Meeting Notes

Official records of meetings, decisions, and action items. Minutes should capture:

- Date, time, venue, and attendees
- Agenda items discussed
- Decisions made
- Action items with responsible officers and deadlines

## Choosing the Right Format

| Situation | Format |
|-----------|--------|
| Writing to another Ministry | Official Letter |
| Internal directive to your division | Memorandum |
| Policy announcement to all staff | Circular |
| Record of a committee meeting | Minutes |
| Brief update to your supervisor | Memo or Email |

Using the correct format demonstrates professionalism and ensures your communication is taken seriously.',
1, 20, 1, 1, 10);

INSERT OR IGNORE INTO lms_lessons (id, moduleId, courseId, title, contentType, content, sortOrder, estimatedDuration, isRequired, isPreviewable, xpReward)
VALUES ('lesson-seed-029', 'module-seed-011', 'course-seed-004', 'Principles of Clear Government Writing', 'text',
'# Principles of Clear Government Writing

Government writing should be clear, concise, and accessible. Citizens and colleagues should be able to understand your documents without difficulty. Poor writing wastes time, causes confusion, and can undermine public trust.

## The Seven Principles of Clear Government Writing

### 1. Know Your Audience

Before writing, consider:

- Who will read this document?
- What do they already know about the subject?
- What action do you want them to take?
- What is their level of education and familiarity with technical terms?

Writing a policy brief for the Minister requires a different approach than writing instructions for field officers.

### 2. Use Plain Language

Government writing has a reputation for being jargon-heavy and convoluted. Fight this tendency:

- **Instead of**: "It is hereby recommended that the aforementioned stakeholders be duly notified with respect to the implementation timeline of the said initiative."
- **Write**: "We recommend informing the stakeholders about the implementation timeline."

Plain language does not mean informal language. It means expressing complex ideas clearly.

### 3. Be Concise

Eliminate unnecessary words:

- **Wordy**: "In the event that" -> **Concise**: "If"
- **Wordy**: "At this point in time" -> **Concise**: "Now"
- **Wordy**: "Due to the fact that" -> **Concise**: "Because"
- **Wordy**: "In order to" -> **Concise**: "To"

### 4. Use Active Voice

Active voice is clearer and more direct:

- **Passive**: "The report was reviewed by the Director."
- **Active**: "The Director reviewed the report."

Use passive voice only when the actor is unknown or irrelevant.

### 5. Organize Logically

Structure your document so that readers can follow your argument:

- Start with the most important information (the purpose or decision)
- Provide background and supporting details in the body
- End with action items, recommendations, or next steps
- Use headings, numbered paragraphs, and bullet points to break up text

### 6. Be Precise

Avoid ambiguity:

- **Vague**: "The meeting will be held soon."
- **Precise**: "The meeting will be held on Thursday, 20th March, at 10:00 AM in Conference Room 3."

### 7. Proofread Thoroughly

Errors in grammar, spelling, or facts undermine your credibility:

- Read the document aloud to catch awkward phrasing
- Check all names, dates, figures, and reference numbers
- Have a colleague review important documents before dispatch
- Use spell-check but do not rely on it exclusively

## The OHCS Writing Standard

The Office of the Head of Civil Service emphasizes that all government communication should be:

- **Accurate**: Facts and figures must be verified
- **Complete**: All necessary information should be included
- **Timely**: Communications should be sent when they are needed
- **Professional**: Tone, format, and content should reflect the dignity of the civil service

Clear writing is a skill that improves with practice. Apply these principles consistently and your effectiveness as a civil servant will grow.',
2, 25, 1, 0, 10);

INSERT OR IGNORE INTO lms_lessons (id, moduleId, courseId, title, contentType, content, sortOrder, estimatedDuration, isRequired, isPreviewable, xpReward)
VALUES ('lesson-seed-030', 'module-seed-011', 'course-seed-004', 'Writing Effective Policy Briefs and Reports', 'text',
'# Writing Effective Policy Briefs and Reports

Policy briefs and reports are vital tools for informing decision-makers in Ghana''s civil service. A well-written policy brief can shape ministerial decisions and contribute to national development.

## The Policy Brief

A policy brief is a concise document that presents a policy issue and recommends a course of action to a decision-maker.

### Structure of a Policy Brief

1. **Title**: Clear and descriptive (e.g., "Improving Teacher Retention in Rural Ghana: Policy Options")

2. **Executive Summary** (1 paragraph): The issue, key findings, and recommended action in 3-5 sentences. Many decision-makers read only this section, so make it count.

3. **Background/Context**: Why this issue matters now. Include relevant statistics, trends, and the policy environment.

4. **Problem Statement**: A clear, specific description of the problem. Quantify it where possible.

5. **Policy Options**: Present 2-3 realistic options, each with:
   - Description of the option
   - Advantages and disadvantages
   - Cost implications
   - Implementation requirements
   - Potential risks

6. **Recommended Option**: State which option you recommend and why. This should flow logically from your analysis.

7. **Implementation Considerations**: Key steps, timeline, responsible agencies, and resource requirements.

8. **Conclusion**: A brief restatement of the urgency and the recommended path forward.

### Tips for Effective Policy Briefs

- Keep it to 2-4 pages maximum
- Use clear headings and bullet points for scanability
- Lead with the recommendation if your audience prefers it
- Base your analysis on credible data and evidence
- Anticipate and address counterarguments
- Use visual aids (charts, tables) to present data compactly

## The Formal Report

Reports in the civil service range from routine monthly reports to comprehensive special studies.

### Common Report Structure

1. **Cover Page**: Title, author(s), date, and reference number
2. **Table of Contents**: For reports longer than 5 pages
3. **Executive Summary**: Key findings and recommendations
4. **Introduction**: Purpose, scope, and methodology
5. **Findings**: Organized by theme or question, supported by evidence
6. **Analysis**: Interpretation of findings and implications
7. **Recommendations**: Specific, actionable proposals
8. **Annexes**: Supporting data, detailed tables, terms of reference

### Presenting Data in Reports

- Use tables for precise numerical comparisons
- Use charts for trends and proportions
- Always label axes, columns, and sources
- Interpret the data in the text; do not assume the reader will draw the correct conclusions from a table alone

## Quality Assurance

Before submitting a policy brief or report:

- Verify all facts and figures
- Ensure recommendations are feasible and within the MDA''s mandate
- Have it reviewed by a colleague or subject matter expert
- Check formatting against your MDA''s standards
- Ensure the document is properly referenced and classified

Strong analytical writing is a distinguishing skill in the civil service and a pathway to greater responsibility and influence.',
3, 25, 1, 0, 10);

-- Course 4, Module 2: Public Speaking & Presentations
INSERT OR IGNORE INTO lms_modules (id, courseId, title, description, sortOrder, isLocked, unlockAfterModuleId)
VALUES ('module-seed-012', 'course-seed-004', 'Public Speaking & Presentations', 'Build confidence and skill in delivering presentations and speeches.', 2, 0, 'module-seed-011');

INSERT OR IGNORE INTO lms_lessons (id, moduleId, courseId, title, contentType, content, sortOrder, estimatedDuration, isRequired, isPreviewable, xpReward)
VALUES ('lesson-seed-031', 'module-seed-012', 'course-seed-004', 'Structuring and Delivering Presentations', 'text',
'# Structuring and Delivering Presentations

Civil servants regularly present information to committees, stakeholders, ministers, and the public. A well-structured presentation conveys competence and professionalism.

## Planning Your Presentation

### Define Your Objective

Before creating a single slide, answer these questions:

- What is the purpose of this presentation? (Inform, persuade, report, or seek approval?)
- Who is my audience? (Ministers, colleagues, community members, development partners?)
- What do I want the audience to do or know after my presentation?
- How much time do I have?

### The Three-Part Structure

Every effective presentation follows a simple structure:

**1. Opening (10% of your time)**
- Greet the audience and introduce yourself
- State the purpose of your presentation
- Give a brief overview of what you will cover
- Capture attention with a relevant statistic, question, or brief anecdote

**2. Body (80% of your time)**
- Organize content into 3-5 main points (audiences cannot absorb more)
- Present each point with evidence: data, examples, or case studies
- Use transitions between points: "Having discussed the budget implications, let me now turn to the implementation timeline."
- Build your argument logically, leading to your conclusion or recommendation

**3. Closing (10% of your time)**
- Summarize your key points
- State your recommendation or call to action clearly
- Invite questions
- Thank the audience for their attention

## Designing Effective Slides

### The 6-6-6 Rule

- No more than **6 lines** per slide
- No more than **6 words** per line
- No more than **6 slides** without a visual change

### Slide Best Practices

- Use your MDA''s official template if one exists
- Choose a clean, readable font (at least 24pt for body text)
- Use high-contrast colors (dark text on light background)
- Include data visualizations (charts, graphs) rather than tables of numbers
- One main idea per slide
- Minimize animations and transitions; they distract from your message

## Delivery Techniques

### Voice and Pace

- Speak clearly and project your voice to the back of the room
- Vary your pace: slow down for important points, speed up slightly for familiar context
- Pause after key statements to let them sink in

### Body Language

- Stand up straight and face the audience
- Make eye contact with different parts of the room
- Use natural hand gestures to emphasize points
- Avoid crossing your arms, putting hands in pockets, or turning your back to the audience

### Managing Nervousness

Nervousness is natural. Channel it positively:

- Prepare thoroughly; confidence comes from knowing your material
- Practice out loud at least twice before the presentation
- Arrive early to familiarize yourself with the room and equipment
- Take deep breaths before you begin
- Remember that the audience wants you to succeed

## Handling Questions

- Listen to the full question before responding
- Repeat or paraphrase the question so everyone hears it
- If you do not know the answer, say so honestly and offer to follow up
- Keep answers brief; do not deliver a second presentation
- If a question is off-topic, acknowledge it and offer to discuss it after the session',
1, 25, 1, 0, 10);

INSERT OR IGNORE INTO lms_lessons (id, moduleId, courseId, title, contentType, content, sortOrder, estimatedDuration, isRequired, isPreviewable, xpReward)
VALUES ('lesson-seed-032', 'module-seed-012', 'course-seed-004', 'Speaking at Public Forums and Community Events', 'text',
'# Speaking at Public Forums and Community Events

Civil servants often represent their MDAs at public forums, town hall meetings, community durbars, and stakeholder consultations. These settings require a distinct approach to communication.

## Understanding Your Audience

Public forums typically involve diverse audiences:

- Community leaders (chiefs, queen mothers, assembly members)
- Citizens of varying education levels and backgrounds
- Media representatives
- Civil society organizations
- Political figures

Adapt your communication style to this diversity. What works in a boardroom may not work at a community durbar.

## Preparing for Public Engagements

### Know the Context

- What is the event about? (Policy consultation, project launch, public education?)
- What are the community''s concerns or expectations?
- Are there sensitive local issues you should be aware of?
- Who else is speaking, and what is your role on the programme?

### Prepare Key Messages

Distill your communication into 2-3 key messages that are:

- Simple enough for anyone to understand
- Memorable and repeatable
- Supported by local examples or data
- Aligned with your MDA''s official position

### Use Accessible Language

- Avoid technical jargon and bureaucratic language
- Use short sentences and common words
- Consider whether your audience is more comfortable in English or a local language
- Use analogies and stories that relate to everyday life

## Effective Techniques for Public Speaking

### Storytelling

People remember stories more than statistics. When explaining a policy or programme:

- Share a real example of how the initiative has helped someone (with their permission)
- Describe the problem in human terms before presenting the solution
- Use "before and after" narratives to show impact

### Visual Aids

At community events, visual aids may be more effective than slides:

- Printed posters and banners with key information
- Physical models or prototypes
- Demonstration of equipment or processes
- Short video clips (if projection is available)

### Interactive Engagement

Public forums are not lectures. Engage the audience:

- Ask questions to gauge their understanding
- Invite community members to share their experiences
- Use a show of hands to assess opinions
- Allow adequate time for questions and comments

## Handling Difficult Situations

### Hostile Questions

- Remain calm and professional
- Acknowledge the person''s concern without becoming defensive
- Separate the emotion from the substance of the question
- If you cannot answer, explain what you will do to address the issue

### Misinformation

- Correct misinformation gently but firmly
- Provide accurate facts without embarrassing the person
- Offer to share documentation or evidence

### Political Pressure

- Stick to your MDA''s official position
- Do not make promises that are beyond your authority
- Refer political questions to the appropriate level

## After the Event

- Follow up on commitments made during the forum
- Share a summary with your supervisor
- Document lessons learned for future engagements
- Respond to any media enquiries promptly and in line with your MDA''s communications policy

Effective public engagement builds trust between government and citizens, which is the foundation of good governance.',
2, 25, 1, 0, 10);

-- Course 4, Module 3: Stakeholder Engagement & Media Relations
INSERT OR IGNORE INTO lms_modules (id, courseId, title, description, sortOrder, isLocked, unlockAfterModuleId)
VALUES ('module-seed-013', 'course-seed-004', 'Stakeholder Engagement & Media Relations', 'Engage effectively with stakeholders and navigate media interactions.', 3, 0, 'module-seed-012');

INSERT OR IGNORE INTO lms_lessons (id, moduleId, courseId, title, contentType, content, sortOrder, estimatedDuration, isRequired, isPreviewable, xpReward)
VALUES ('lesson-seed-033', 'module-seed-013', 'course-seed-004', 'Stakeholder Mapping and Engagement Strategies', 'text',
'# Stakeholder Mapping and Engagement Strategies

Effective stakeholder engagement is critical for policy development, programme implementation, and public service delivery in Ghana. Civil servants must systematically identify, analyze, and engage with the individuals and groups affected by or able to influence their work.

## What Is Stakeholder Engagement?

Stakeholder engagement is the process of involving individuals, groups, and organizations who have an interest in or are affected by government policies, programmes, or projects. It goes beyond one-way communication to include listening, consultation, collaboration, and co-creation.

## Stakeholder Mapping

### Step 1: Identify Stakeholders

List all individuals and groups who:

- Are directly affected by the policy or project
- Have the power to influence outcomes
- Have relevant expertise or information
- Control resources needed for implementation
- Represent the interests of affected populations

### Step 2: Analyze Stakeholders

Use the **Power-Interest Matrix** to categorize stakeholders:

| | Low Interest | High Interest |
|---|---|---|
| **High Power** | Keep Satisfied | Manage Closely |
| **Low Power** | Monitor | Keep Informed |

- **High Power, High Interest**: Key stakeholders. Engage frequently, involve in decision-making.
- **High Power, Low Interest**: Important to keep satisfied. Provide regular updates.
- **Low Power, High Interest**: Advocates or critics. Keep informed, address their concerns.
- **Low Power, Low Interest**: Monitor periodically. Provide general information.

### Step 3: Plan Engagement

For each stakeholder group, determine:

- **What** information they need
- **When** to engage them (early consultation vs. implementation updates)
- **How** to reach them (meetings, written reports, community forums, media)
- **Who** in your team is responsible for the relationship

## Engagement Methods

| Method | Best For |
|--------|----------|
| One-on-one meetings | Key decision-makers, senior officials |
| Workshops | Technical input, collaborative problem-solving |
| Public consultations | Broad community input on policies |
| Written submissions | Detailed technical feedback |
| Focus groups | Understanding perspectives of specific groups |
| Surveys | Gathering input from large numbers of people |
| Social media | Reaching younger demographics, quick updates |

## Principles of Effective Engagement

1. **Start early**: Engage stakeholders at the beginning of the process, not after decisions are made
2. **Be inclusive**: Ensure marginalized groups (women, persons with disabilities, rural communities) are represented
3. **Be transparent**: Share information openly, including constraints and trade-offs
4. **Listen genuinely**: Engagement is not a box-ticking exercise; be prepared to adjust plans based on input
5. **Follow up**: Report back on how stakeholder input was used in decision-making
6. **Document**: Keep records of all engagement activities for accountability

Systematic stakeholder engagement leads to better policies, smoother implementation, and stronger public trust in government.',
1, 25, 1, 0, 10);

INSERT OR IGNORE INTO lms_lessons (id, moduleId, courseId, title, contentType, content, sortOrder, estimatedDuration, isRequired, isPreviewable, xpReward)
VALUES ('lesson-seed-034', 'module-seed-013', 'course-seed-004', 'Working with the Media', 'text',
'# Working with the Media

The media plays a vital role in Ghana''s democracy by informing citizens about government activities and holding public institutions accountable. Civil servants must understand how to engage with the media professionally and constructively.

## Media Landscape in Ghana

Ghana has a vibrant media environment:

- **Print**: Daily Graphic, Ghanaian Times, Business & Financial Times, and numerous private newspapers
- **Broadcast**: GBC (Ghana Broadcasting Corporation), TV3, Joy FM, Citi FM, and hundreds of regional radio stations
- **Online**: MyJoyOnline, CitiNewsroom, GhanaWeb, and active social media platforms
- **International**: BBC, Reuters, AFP, and other outlets covering Ghana

### Understanding How Journalists Work

- Journalists work under tight deadlines; respond promptly to enquiries
- They need clear, quotable statements
- They look for stories that are newsworthy: conflict, impact, novelty, timeliness, and human interest
- They have a duty to seek multiple perspectives on issues

## Media Engagement Protocol

### Who Can Speak to the Media?

Most MDAs have a designated spokesperson or Public Relations Officer (PRO). As a general rule:

- The PRO or designated spokesperson handles routine media enquiries
- Ministers and Chief Directors address major policy issues
- Technical officers may be authorized to speak on specific subjects within their expertise
- **If in doubt, refer media enquiries to your PRO**

### Preparing for Media Interactions

Before any media engagement:

1. **Know your key messages**: Prepare 2-3 main points you want to communicate
2. **Anticipate questions**: Think about what the journalist is likely to ask, including difficult questions
3. **Prepare supporting facts**: Have statistics, examples, and evidence ready
4. **Know your limits**: Be clear about what you are authorized to discuss
5. **Coordinate**: Inform your PRO and supervisor about the engagement

## Media Interview Techniques

### During an Interview

- **Bridge** to your key messages: "That''s an important point, and what I want to emphasize is..."
- **Be specific**: Use concrete examples and numbers rather than generalities
- **Be honest**: If you do not know something, say so. Never speculate or guess.
- **Stay calm**: Even if the journalist is aggressive, remain professional
- **Avoid jargon**: Explain technical terms in plain language
- **Nothing is off the record**: Assume everything you say could be published

### What to Avoid

- "No comment" (it suggests you have something to hide)
- Speculating about matters outside your competence
- Criticizing other MDAs, colleagues, or political figures
- Making promises on behalf of your MDA without authorization
- Providing confidential or classified information

## Press Releases and Media Statements

When your MDA needs to proactively communicate with the media:

- Use the standard press release format (headline, dateline, body, contact information)
- Lead with the most newsworthy information
- Include a quote from an authorized official
- Provide clear contact details for follow-up
- Distribute through the Government Communications Bureau and directly to key journalists

## Crisis Communication

During a crisis (public health emergency, scandal, natural disaster):

- Communicate early, even if you do not have all the facts: "We are aware of the situation and are investigating"
- Designate a single spokesperson to ensure consistent messaging
- Update the public regularly through official channels
- Express empathy for affected persons
- Focus on what is being done to address the situation

Good media relations amplify the positive impact of government work and build public confidence in the civil service.',
2, 25, 1, 0, 10);


-- =====================================================
-- COURSE 5: Leadership in the Public Sector
-- =====================================================
INSERT OR IGNORE INTO lms_courses (id, title, slug, description, shortDescription, instructorId, category, level, status, estimatedDuration, tags, objectives, prerequisites, passingScore, xpReward, publishedAt)
VALUES (
  'course-seed-005',
  'Leadership in the Public Sector',
  'leadership-public-sector',
  'Develop leadership competencies for senior civil service roles. Covers strategic thinking, change management, team building, and policy implementation.',
  'Build the leadership skills needed for senior roles in Ghana''s civil service.',
  'system',
  'leadership',
  'advanced',
  'published',
  480,
  '["leadership","strategic planning","change management","team building","policy implementation"]',
  '["Apply strategic thinking frameworks to public sector challenges","Lead organizational change initiatives effectively","Build and manage high-performing teams in government settings","Translate policy directives into actionable implementation plans"]',
  '["course-seed-001"]',
  70,
  250,
  datetime('now')
);

-- Course 5, Module 1: Leadership Foundations in Government
INSERT OR IGNORE INTO lms_modules (id, courseId, title, description, sortOrder, isLocked)
VALUES ('module-seed-014', 'course-seed-005', 'Leadership Foundations in Government', 'Understand leadership theory and practice in the public sector context.', 1, 0);

INSERT OR IGNORE INTO lms_lessons (id, moduleId, courseId, title, contentType, content, sortOrder, estimatedDuration, isRequired, isPreviewable, xpReward)
VALUES ('lesson-seed-035', 'module-seed-014', 'course-seed-005', 'What Makes Public Sector Leadership Unique', 'text',
'# What Makes Public Sector Leadership Unique

Leadership in Ghana''s civil service operates in a context fundamentally different from the private sector. Understanding these differences is essential for developing effective leadership practices.

## The Distinctive Context of Public Sector Leadership

### Serving Multiple Stakeholders

Private sector leaders primarily serve shareholders and customers. Public sector leaders serve a much broader constituency:

- Citizens and taxpayers who fund government operations
- The political leadership (Ministers, President) who set policy direction
- Fellow civil servants who implement policies
- Development partners who co-invest in national programmes
- Parliament which exercises oversight
- The media and civil society which hold government accountable

Balancing these competing interests is one of the most challenging aspects of public sector leadership.

### Operating Within Political Cycles

Government leadership must navigate the reality of political transitions. Every four years, a new administration may bring different priorities. Effective civil service leaders:

- Maintain institutional memory and continuity
- Adapt to new policy directions while preserving professional integrity
- Provide honest, evidence-based advice regardless of political affiliation
- Protect the neutrality and professionalism of the service

### Constrained Resources and Rigid Structures

Unlike private sector leaders who can often hire, fire, and reallocate resources quickly, civil service leaders operate within:

- Established grade structures and posting systems
- Government procurement procedures
- Centralized budgeting and expenditure controls
- Civil service rules that govern staffing decisions

Leadership in this context requires creativity, influence, and coalition-building rather than command and control.

## Core Leadership Competencies for Ghana''s Civil Service

The Office of the Head of Civil Service has identified key competencies for senior officers:

1. **Strategic Thinking**: Ability to see the big picture, anticipate challenges, and plan long-term
2. **Results Orientation**: Focus on delivering measurable outcomes for citizens
3. **People Management**: Building, motivating, and developing teams
4. **Communication**: Articulating vision, policies, and decisions clearly
5. **Integrity**: Modelling ethical behaviour and building a culture of accountability
6. **Innovation**: Finding creative solutions within existing constraints
7. **Collaboration**: Working across MDAs and with external partners
8. **Resilience**: Persevering through bureaucratic challenges, political pressures, and resource constraints

## Leadership vs. Management

While both are necessary, they are different:

| Management | Leadership |
|-----------|-----------|
| Focuses on systems and processes | Focuses on people and vision |
| Asks "How?" and "When?" | Asks "Why?" and "What if?" |
| Manages complexity | Drives change |
| Plans and budgets | Sets direction |
| Organizes and staffs | Aligns and inspires |

The most effective senior civil servants combine both management competence and leadership vision.',
1, 25, 1, 1, 10);

INSERT OR IGNORE INTO lms_lessons (id, moduleId, courseId, title, contentType, content, sortOrder, estimatedDuration, isRequired, isPreviewable, xpReward)
VALUES ('lesson-seed-036', 'module-seed-014', 'course-seed-005', 'Leadership Styles and When to Use Them', 'text',
'# Leadership Styles and When to Use Them

Effective leaders in the civil service do not rely on a single leadership style. They adapt their approach based on the situation, the team, and the task at hand. Understanding different styles allows you to choose the most appropriate one for each context.

## Six Leadership Styles for the Public Sector

### 1. Directive (Authoritative) Leadership

**What it looks like**: The leader sets clear expectations, makes decisions, and provides detailed instructions.

**When to use it**:
- Crisis situations requiring immediate action (e.g., disaster response coordination)
- When leading inexperienced teams who need clear guidance
- When strict compliance with regulations is critical

**When to avoid it**: With experienced professionals who need autonomy; it can feel micromanaging.

### 2. Visionary Leadership

**What it looks like**: The leader articulates a compelling vision and inspires the team to work toward it, while giving them flexibility in how they achieve it.

**When to use it**:
- Launching new initiatives or programmes
- When the MDA is undergoing transformation
- When staff need to understand the "why" behind changes

**Example**: A Chief Director communicating how the MDA''s digital transformation will improve service delivery for citizens.

### 3. Participative (Democratic) Leadership

**What it looks like**: The leader involves team members in decision-making, values their input, and builds consensus.

**When to use it**:
- Policy development requiring diverse perspectives
- When team buy-in is essential for implementation
- When you are working with knowledgeable professionals

**When to avoid it**: When quick decisions are needed or when the team lacks the expertise to contribute meaningfully.

### 4. Coaching Leadership

**What it looks like**: The leader focuses on developing individual team members through mentoring, feedback, and growth opportunities.

**When to use it**:
- Developing junior officers for future leadership roles
- When staff have potential but need skill development
- During performance improvement processes

**Example**: A Director spending time with a Principal Officer to develop their policy analysis skills.

### 5. Affiliative Leadership

**What it looks like**: The leader prioritizes harmony, emotional connection, and team cohesion.

**When to use it**:
- After a period of conflict or low morale
- When building a new team or integrating new members
- When relationships have been damaged and trust needs rebuilding

**When to avoid it**: When poor performance needs to be addressed directly.

### 6. Servant Leadership

**What it looks like**: The leader puts the needs of the team and stakeholders first, removes obstacles, and enables others to succeed.

**When to use it**:
- When building a culture of service in your unit
- When empowering frontline staff to deliver better services
- When modelling the values of public service

**Particularly relevant** for the civil service, where the ultimate purpose is serving the public.

## Adapting Your Style

The most effective civil service leaders are versatile. In a single day, you might:

- Use directive leadership to address an urgent ministerial request
- Switch to participative leadership in a policy review meeting
- Apply coaching leadership during a one-on-one with a junior colleague
- Demonstrate servant leadership by clearing obstacles for your team

The key is self-awareness: know your natural tendencies, recognize what the situation requires, and adjust accordingly.',
2, 25, 1, 0, 10);

INSERT OR IGNORE INTO lms_lessons (id, moduleId, courseId, title, contentType, content, sortOrder, estimatedDuration, isRequired, isPreviewable, xpReward)
VALUES ('lesson-seed-037', 'module-seed-014', 'course-seed-005', 'Emotional Intelligence for Public Leaders', 'text',
'# Emotional Intelligence for Public Leaders

Technical competence alone does not make an effective leader. Research consistently shows that emotional intelligence (EI) is a stronger predictor of leadership success than IQ or technical skills, particularly in complex environments like the civil service.

## What Is Emotional Intelligence?

Emotional intelligence is the ability to recognize, understand, manage, and effectively use emotions -- both your own and those of others. It was popularized by Daniel Goleman, who identified five components:

### 1. Self-Awareness

The ability to recognize your own emotions, strengths, weaknesses, values, and impact on others.

**In practice**:
- You know what triggers your stress or frustration
- You understand how your mood affects your team
- You are honest about your limitations
- You seek feedback and accept it without defensiveness

**Civil service application**: A Director who recognizes that they become impatient during budget season and takes steps to manage this tendency before it affects team morale.

### 2. Self-Regulation

The ability to control or redirect disruptive emotions and impulses and adapt to changing circumstances.

**In practice**:
- You think before acting, especially when angry or frustrated
- You remain calm under pressure
- You adapt to new directives without unnecessary resistance
- You hold yourself to the same standards you set for others

**Civil service application**: When a ministerial directive changes your division''s priorities mid-year, you adjust your plans without demoralizing the team.

### 3. Motivation

An internal drive to achieve for the sake of accomplishment, not just rewards or status.

**In practice**:
- You set high standards for yourself and your team
- You remain optimistic even when facing setbacks
- You are committed to public service beyond personal gain
- You find meaning in the work itself

**Civil service application**: Continuing to advocate for a programme that benefits citizens, even when it receives less political attention.

### 4. Empathy

The ability to understand the emotional makeup of other people and treat them according to their emotional needs.

**In practice**:
- You listen actively and attentively
- You consider how decisions will affect different people
- You understand cultural and generational differences in your team
- You support colleagues going through difficult times

**Civil service application**: Understanding that a colleague''s declining performance may be due to a family health crisis, and offering support rather than immediate disciplinary action.

### 5. Social Skills

Proficiency in managing relationships, building networks, and finding common ground.

**In practice**:
- You build rapport across departments and ministries
- You resolve conflicts constructively
- You communicate persuasively
- You build and lead effective teams

**Civil service application**: Successfully coordinating a cross-ministerial committee by understanding and addressing the concerns of each representative.

## Developing Your Emotional Intelligence

EI is not fixed; it can be developed with practice:

1. **Practice reflection**: At the end of each day, review your emotional responses. What went well? What would you handle differently?
2. **Seek feedback**: Ask trusted colleagues how they perceive your leadership
3. **Listen more**: In meetings, practice listening fully before responding
4. **Observe others**: Watch how effective leaders in the service handle difficult situations
5. **Manage stress**: Develop habits (exercise, adequate rest, social connection) that support emotional resilience
6. **Read widely**: Literature, biography, and psychology can deepen your understanding of human behaviour

Emotional intelligence is the foundation upon which all other leadership skills are built. Invest in developing it throughout your career.',
3, 25, 1, 0, 10);

-- Course 5, Module 2: Strategic Planning & Policy Implementation
INSERT OR IGNORE INTO lms_modules (id, courseId, title, description, sortOrder, isLocked, unlockAfterModuleId)
VALUES ('module-seed-015', 'course-seed-005', 'Strategic Planning & Policy Implementation', 'Translate policy directives into actionable plans and measurable results.', 2, 0, 'module-seed-014');

INSERT OR IGNORE INTO lms_lessons (id, moduleId, courseId, title, contentType, content, sortOrder, estimatedDuration, isRequired, isPreviewable, xpReward)
VALUES ('lesson-seed-038', 'module-seed-015', 'course-seed-005', 'Strategic Planning in the Public Sector', 'text',
'# Strategic Planning in the Public Sector

Strategic planning in Ghana''s civil service connects national development goals to the daily work of individual officers. It is the process by which MDAs translate broad policy directives into specific, time-bound, and measurable plans of action.

## The National Planning Framework

Ghana''s strategic planning operates at multiple levels:

### National Level

- **Long-Term National Development Plan**: Sets the vision for Ghana''s development over 40 years
- **Medium-Term National Development Policy Framework**: Translates the long-term plan into specific priorities for each presidential term (currently aligned with the Coordinated Programme of Economic and Social Development)
- **Annual Budget Statement**: Allocates resources to implement medium-term priorities

### Sector Level

- **Sector Medium-Term Development Plans**: Each sector (health, education, agriculture, etc.) develops plans aligned with national priorities
- **Sector Policies**: Specific policies that guide sector activities

### MDA Level

- **MDA Strategic Plans**: Typically 4-year plans aligned with the medium-term national framework
- **Annual Work Plans**: Detailed plans specifying activities, timelines, responsibilities, and budgets for each year
- **Departmental/Unit Plans**: Cascaded from the MDA plan to specific units

## The Strategic Planning Process

### 1. Situational Analysis

Before planning, understand where you are:

- **SWOT Analysis**: Identify your MDA''s Strengths, Weaknesses, Opportunities, and Threats
- **Stakeholder Analysis**: Map the key actors who influence or are affected by your work
- **Performance Review**: Assess what was achieved and what fell short in the previous period
- **Environmental Scan**: Identify external factors (political, economic, technological, social) that may affect your plans

### 2. Setting Strategic Direction

Define where you want to go:

- **Mission**: Why does your MDA exist? What service does it provide to Ghana?
- **Vision**: What does success look like in the medium to long term?
- **Strategic Objectives**: 4-6 broad goals that will move you toward the vision
- **Core Values**: The principles that will guide how you work

### 3. Developing Strategies

Determine how you will get there:

- For each strategic objective, identify specific strategies
- Consider resource requirements (financial, human, technological)
- Assess risks and develop mitigation measures
- Identify quick wins that can build momentum

### 4. Implementation Planning

Turn strategies into action:

- Break strategies into specific activities with timelines
- Assign responsibilities to divisions, units, and individuals
- Link activities to the budget (no plan is real without resources)
- Establish milestones and checkpoints

### 5. Monitoring and Evaluation

Track progress and learn:

- Define Key Performance Indicators (KPIs) for each objective
- Establish reporting cycles (monthly, quarterly, annual)
- Conduct periodic reviews to assess progress and adjust plans
- Document lessons learned for future planning cycles

## Common Strategic Planning Pitfalls

- Creating plans that sit on shelves and are never implemented
- Setting objectives that are too vague to measure
- Failing to align plans with available resources
- Not involving key stakeholders in the planning process
- Treating planning as a one-time event rather than a continuous cycle

Strategic planning is not a theoretical exercise. It is the discipline that ensures Ghana''s civil service delivers results for citizens.',
1, 30, 1, 0, 10);

INSERT OR IGNORE INTO lms_lessons (id, moduleId, courseId, title, contentType, content, sortOrder, estimatedDuration, isRequired, isPreviewable, xpReward)
VALUES ('lesson-seed-039', 'module-seed-015', 'course-seed-005', 'From Policy to Implementation', 'text',
'# From Policy to Implementation

One of the most persistent challenges in governance is the gap between policy formulation and implementation. Many sound policies fail to achieve their objectives because the implementation process is poorly planned or executed. Senior civil servants are the critical link between policy intent and real-world impact.

## The Implementation Gap

Studies across Africa show that a significant percentage of government policies are never fully implemented. Common reasons include:

- **Inadequate planning**: Policies are approved without detailed implementation plans
- **Resource shortfalls**: Budgets are insufficient or funds are released late
- **Capacity gaps**: Officers lack the skills or knowledge to implement new policies
- **Coordination failures**: Multiple agencies with overlapping mandates fail to work together
- **Resistance to change**: Staff or stakeholders resist new ways of working
- **Weak monitoring**: No one tracks whether the policy is being implemented as intended

## A Framework for Effective Implementation

### Phase 1: Pre-Implementation

**Translate the Policy into an Operational Plan**

Every policy needs a detailed implementation plan that specifies:

- Specific activities required to give effect to the policy
- Who is responsible for each activity (not just MDAs, but specific units and officers)
- Timeline with milestones and deadlines
- Resource requirements (budget, personnel, equipment)
- Legal or regulatory changes needed
- Communication plan for stakeholders

**Build Implementation Capacity**

- Assess whether your team has the skills needed
- Arrange training or recruit specialists where necessary
- Develop standard operating procedures and guidelines
- Create templates and tools for field implementation

**Secure Resources**

- Ensure budget provision through the MTEF/annual budget process
- Negotiate with development partners if external funding is needed
- Plan for procurement of goods and services well in advance

### Phase 2: Rollout

**Pilot Before Scaling**

Where possible, test the policy in a limited area before nationwide implementation:

- Select pilot sites that represent different conditions (urban/rural, different regions)
- Monitor the pilot closely and document what works and what does not
- Adjust the implementation approach based on pilot findings

**Communicate Widely**

- Ensure all implementing officers understand the policy and their roles
- Inform the public through appropriate channels
- Address misconceptions and concerns proactively

**Coordinate Across Agencies**

- Establish implementation committees with clear terms of reference
- Hold regular coordination meetings
- Create shared dashboards or reporting systems

### Phase 3: Monitoring and Adaptation

**Track Progress**

- Monitor KPIs regularly (not just at year-end)
- Compare actual progress against the implementation plan
- Identify bottlenecks early and take corrective action

**Learn and Adapt**

- Conduct periodic reviews with implementing teams
- Gather feedback from beneficiaries and frontline workers
- Be willing to adjust the approach if evidence shows it is not working
- Document lessons learned systematically

## The Role of Senior Civil Servants

As a senior officer, your role in policy implementation includes:

- Providing technical leadership and guidance to your team
- Advocating for adequate resources within the budget process
- Building relationships across MDAs to facilitate coordination
- Holding your team accountable for results
- Escalating systemic barriers to the political leadership
- Ensuring that implementation is evidence-based and learning-oriented

Policy implementation is where the civil service truly earns the trust of citizens. It is where promises become reality.',
2, 30, 1, 0, 10);

INSERT OR IGNORE INTO lms_lessons (id, moduleId, courseId, title, contentType, content, sortOrder, estimatedDuration, isRequired, isPreviewable, xpReward)
VALUES ('lesson-seed-040', 'module-seed-015', 'course-seed-005', 'Monitoring, Evaluation, and Learning', 'text',
'# Monitoring, Evaluation, and Learning

Monitoring and Evaluation (M&E) is the systematic process of tracking the implementation of programmes and assessing their results. For senior civil servants, M&E provides the evidence base for decision-making, accountability, and continuous improvement.

## Monitoring vs. Evaluation

| Aspect | Monitoring | Evaluation |
|--------|-----------|-----------|
| **When** | Continuous, throughout implementation | Periodic (mid-term, end-of-programme) |
| **Focus** | Activities, outputs, processes | Outcomes, impact, effectiveness |
| **Question** | "Are we doing things right?" | "Are we doing the right things?" |
| **Purpose** | Early detection of problems | Learning and accountability |
| **Who** | Programme managers and staff | Often includes external evaluators |

Both are essential: monitoring ensures you stay on track, while evaluation tells you whether you are achieving the intended change.

## Building an M&E Framework

### The Results Chain

A results chain shows the logical pathway from activities to impact:

1. **Inputs**: Resources invested (money, staff, equipment)
2. **Activities**: What you do with the inputs (training, construction, service delivery)
3. **Outputs**: Direct products of activities (number of people trained, buildings completed)
4. **Outcomes**: Short- to medium-term changes resulting from outputs (improved skills, increased access to services)
5. **Impact**: Long-term, broad changes (reduced poverty, improved health indicators)

### Key Performance Indicators (KPIs)

For each level of the results chain, define indicators that are:

- **Relevant**: Directly measure what you want to know
- **Measurable**: Can be quantified or clearly assessed
- **Practical**: Data can be collected within your resources
- **Time-bound**: Have a clear reporting period

**Example for a Teacher Training Programme**:
- Input: GHS 500,000 budget allocated
- Activity: 20 training workshops conducted
- Output: 1,000 teachers trained
- Outcome: 80% of trained teachers apply new methods in classrooms
- Impact: Improved student learning outcomes in beneficiary schools

### Data Collection Methods

| Method | Best For |
|--------|----------|
| Administrative records | Routine output data (numbers served, funds spent) |
| Surveys | Collecting data from large populations |
| Interviews | In-depth understanding of experiences and perspectives |
| Focus groups | Exploring perceptions and attitudes of specific groups |
| Observation | Verifying implementation quality on the ground |
| Document review | Assessing compliance and documentation |

## Using M&E Data for Decision-Making

Data is only valuable if it informs action. As a leader:

- **Review M&E reports regularly**: Do not wait for the annual review
- **Ask probing questions**: Why did output exceed targets in Region A but fall short in Region B?
- **Make evidence-based adjustments**: Redirect resources, change approaches, or provide additional support based on what the data shows
- **Share findings**: Ensure relevant stakeholders, including political leadership, have access to performance data
- **Close the feedback loop**: Inform communities and beneficiaries about programme results

## Learning and Adaptation

The most effective organizations treat M&E not as a compliance exercise but as a learning system:

- Hold regular "pause and reflect" sessions with implementing teams
- Document what works and share it across regions or sectors
- Create space for honest discussion of failures without blame
- Use evaluation findings to inform the design of future programmes
- Build a culture where evidence is valued over anecdote

Good M&E transforms the civil service from an organization that reports activities to one that delivers and demonstrates results.',
3, 25, 1, 0, 10);

-- Course 5, Module 3: Change Management & Innovation
INSERT OR IGNORE INTO lms_modules (id, courseId, title, description, sortOrder, isLocked, unlockAfterModuleId)
VALUES ('module-seed-016', 'course-seed-005', 'Change Management & Innovation', 'Lead organizational change and foster innovation in government.', 3, 0, 'module-seed-015');

INSERT OR IGNORE INTO lms_lessons (id, moduleId, courseId, title, contentType, content, sortOrder, estimatedDuration, isRequired, isPreviewable, xpReward)
VALUES ('lesson-seed-041', 'module-seed-016', 'course-seed-005', 'Leading Change in Government Organizations', 'text',
'# Leading Change in Government Organizations

Change is constant in the civil service: new policies, reorganizations, digital transformation, and shifting national priorities all require adaptation. Yet government organizations are often resistant to change. Senior officers must learn to lead change effectively.

## Why Change Is Difficult in the Civil Service

- **Bureaucratic culture**: Established procedures and hierarchies create inertia
- **Risk aversion**: Civil servants are trained to follow rules, not break them
- **Job security mindset**: Without market competition, urgency for change is lower
- **Political cycles**: Changes may be reversed with the next administration
- **Resource constraints**: Change initiatives compete with ongoing service delivery for limited resources
- **Past experience**: Staff may have seen previous change efforts fail and become cynical

## Kotter''s 8-Step Change Model Applied to Government

John Kotter''s model provides a structured approach to leading change:

### Step 1: Create a Sense of Urgency

Help people understand why change is necessary. In the civil service context:

- Share data on declining service delivery performance
- Highlight citizen complaints or feedback
- Reference national development goals that require new approaches
- Compare your MDA''s performance with peer institutions

### Step 2: Build a Guiding Coalition

Identify and mobilize influential supporters:

- Include respected officers from different levels and divisions
- Engage the political leadership for top-level support
- Involve union representatives to build staff confidence
- Bring in external champions (development partners, civil society) if appropriate

### Step 3: Form a Strategic Vision

Articulate what the change will achieve:

- Paint a clear picture of the improved future state
- Explain the benefits for staff, citizens, and the organization
- Be honest about what will change and what will not
- Connect the vision to values that resonate with civil servants (service, professionalism, national development)

### Step 4: Communicate the Vision

Use every channel available:

- Town hall meetings with all staff
- Written communications (memos, newsletters, intranet)
- One-on-one conversations between managers and their teams
- Regular updates on progress
- Lead by example: demonstrate the change in your own behaviour

### Step 5: Remove Obstacles

Identify and address barriers to change:

- Outdated policies or procedures that conflict with the new direction
- Officers who actively sabotage the change effort
- Lack of skills or training
- Inadequate tools or technology
- Budget constraints

### Step 6: Generate Short-Term Wins

Demonstrate progress early:

- Identify quick improvements that show the change is working
- Celebrate and publicize these wins
- Use them to build momentum and silence skeptics

### Step 7: Build on the Change

Do not declare victory too early:

- Use early wins to tackle bigger challenges
- Continuously improve processes based on feedback
- Recruit additional supporters as results become visible

### Step 8: Anchor Changes in the Culture

Make the change permanent:

- Update formal policies, procedures, and job descriptions
- Incorporate new practices into training programmes
- Recognize and reward staff who embody the change
- Ensure new recruits are oriented to the new way of working

## Managing Resistance

Resistance is natural and should be expected, not punished:

- **Listen** to concerns; they may reveal legitimate problems
- **Involve** resisters in finding solutions
- **Communicate** transparently about trade-offs
- **Support** those who struggle with the transition
- **Be firm** when resistance is based on self-interest rather than genuine concern',
1, 30, 1, 0, 10);

INSERT OR IGNORE INTO lms_lessons (id, moduleId, courseId, title, contentType, content, sortOrder, estimatedDuration, isRequired, isPreviewable, xpReward)
VALUES ('lesson-seed-042', 'module-seed-016', 'course-seed-005', 'Innovation in Public Service Delivery', 'text',
'# Innovation in Public Service Delivery

Innovation in the public sector means finding new and better ways to deliver services, solve problems, and create value for citizens. It is not about technology alone; it encompasses new processes, policies, partnerships, and mindsets.

## Why Innovation Matters in Ghana''s Civil Service

- **Rising citizen expectations**: Ghanaians increasingly expect government services to be as convenient as private sector services
- **Resource constraints**: MDAs must do more with less, requiring creative solutions
- **Digital transformation**: Technology creates opportunities to reimagine service delivery
- **Complex challenges**: Problems like urbanization, youth unemployment, and climate change require innovative approaches
- **Regional competition**: Ghana competes with other African countries to attract investment and talent

## Types of Public Sector Innovation

### 1. Service Innovation

New or improved services for citizens:

- **Example**: Ghana''s Digital Property Address System, which provides digital addresses nationwide, replacing the previous challenge of locating properties
- **Example**: Mobile money integration for government payments, enabling citizens to pay fees and receive benefits without visiting physical offices

### 2. Process Innovation

New ways of doing internal work:

- **Example**: GIFMIS (Ghana Integrated Financial Management Information System), which digitized government financial management
- **Example**: Online recruitment portals that streamline the civil service hiring process

### 3. Policy Innovation

New approaches to public policy challenges:

- **Example**: National Health Insurance Scheme (NHIS), a pioneering approach to healthcare financing in West Africa
- **Example**: Free SHS (Senior High School) policy, which dramatically expanded access to secondary education

### 4. Governance Innovation

New ways of engaging citizens and ensuring accountability:

- **Example**: Open data portals that make government data publicly accessible
- **Example**: Citizens'' participation platforms for budget monitoring

## Creating a Culture of Innovation

As a leader, you can foster innovation in your unit or MDA:

### Encourage Experimentation

- Create safe spaces for trying new approaches without fear of punishment for honest failure
- Allocate a small portion of resources for pilot projects
- Celebrate learning from experiments, not just successes

### Listen to Frontline Workers

Officers who interact directly with citizens often have the best ideas for improvement:

- Hold regular sessions where frontline staff can propose solutions
- Create a simple mechanism for submitting improvement ideas
- Respond to every suggestion, even those that cannot be implemented

### Learn from Others

- Study innovations from other MDAs within Ghana
- Learn from public sector innovations in other countries (Rwanda, Estonia, Singapore, Kenya)
- Engage with academic institutions and think tanks
- Participate in innovation networks and conferences

### Support Digital Innovation

Technology is a powerful enabler of public sector innovation:

- Champion the digitization of paper-based processes
- Support the development of mobile-friendly citizen services
- Use data analytics to inform decision-making
- Explore artificial intelligence and automation for routine tasks

## Overcoming Barriers to Innovation

| Barrier | Strategy |
|---------|----------|
| "We have always done it this way" | Show evidence of better results from new approaches |
| "What if it fails?" | Start small with pilots; frame failures as learning |
| "There is no budget" | Look for low-cost innovations; seek partnership funding |
| "The rules do not allow it" | Work with legal teams to find flexibility within regulations |
| "It is not my job" | Create cross-functional teams for innovation projects |

Innovation is not optional for a civil service that aspires to deliver world-class public services. It is a leadership responsibility.',
2, 25, 1, 0, 10);

INSERT OR IGNORE INTO lms_lessons (id, moduleId, courseId, title, contentType, content, sortOrder, estimatedDuration, isRequired, isPreviewable, xpReward)
VALUES ('lesson-seed-043', 'module-seed-016', 'course-seed-005', 'Digital Transformation and E-Governance', 'text',
'# Digital Transformation and E-Governance

Digital transformation is reshaping how governments worldwide deliver services and interact with citizens. Ghana has made significant strides in e-governance, and senior civil servants must understand and champion this transformation.

## Ghana''s Digital Transformation Journey

### Key Milestones

- **National Identification System (Ghana Card)**: Providing a unique digital identity for every Ghanaian, now the foundation for accessing government services
- **GIFMIS**: Digitizing government financial management across all MDAs
- **GhanaPostGPS**: A digital addressing system enabling location-based service delivery
- **Mobile Money Interoperability**: Enabling seamless digital payments, now used for government transactions
- **Digital Property Addressing**: Replacing the challenge of locating properties with digital addresses

### The Institutional Framework

- **Ministry of Communications and Digitalisation**: Leads the national digital agenda
- **Ghana Digital Centres**: Innovation hubs supporting tech ecosystem development
- **National Information Technology Agency (NITA)**: Manages government IT infrastructure
- **Cyber Security Authority**: Protects the national digital ecosystem

## E-Governance Models

E-governance can be categorized by who interacts with whom:

### Government-to-Citizen (G2C)

Services delivered directly to citizens online:

- Birth and death registration
- Business registration (Registrar General''s Department)
- Tax filing (Ghana Revenue Authority)
- Passport application
- Utility bill payments

### Government-to-Business (G2B)

Digital interactions with the business community:

- Trade licensing and permits
- Customs declarations (GCNET/UNI-PASS)
- Public procurement (electronic procurement)
- Tax compliance and filing

### Government-to-Government (G2G)

Internal government digital systems:

- GIFMIS for financial management
- HRMIS for human resource management
- Document management systems
- Interagency data sharing

### Government-to-Employee (G2E)

Internal digital tools for civil servants:

- Electronic payroll systems
- Leave management systems
- Performance management platforms
- E-learning and training management (like this platform!)

## Leading Digital Transformation in Your MDA

As a senior officer, you do not need to be a technologist, but you must:

### Champion the Vision

- Articulate how digital transformation will improve your MDA''s service delivery
- Secure budget for technology investments
- Set expectations for staff digital literacy

### Build Capacity

- Ensure staff receive adequate training on new systems
- Recruit or develop digital talent within your team
- Create a culture where digital tools are embraced, not feared

### Manage the Transition

- Plan for parallel running of old and new systems during transition
- Address concerns about job displacement honestly
- Ensure no citizen is left behind (those without digital access must still be served)

### Ensure Security and Privacy

- Implement data protection measures in line with the Data Protection Act
- Conduct regular security assessments of digital systems
- Develop incident response plans for cyber threats

## Challenges and Opportunities

### Challenges
- Internet connectivity gaps, especially in rural areas
- Low digital literacy among some staff and citizens
- Legacy systems that are difficult to integrate
- Budget constraints for technology investment
- Resistance to change from staff comfortable with paper-based processes

### Opportunities
- Mobile phone penetration in Ghana exceeds 130%, creating a platform for mobile government services
- Young, tech-savvy population entering the civil service
- Falling costs of cloud computing and digital tools
- International support for digital government initiatives
- COVID-19 accelerated acceptance of remote work and digital services

Digital transformation is not an IT project; it is a leadership imperative for the modern civil service.',
3, 30, 1, 0, 10);

-- Course 5, Module 4: Team Building & Talent Development
INSERT OR IGNORE INTO lms_modules (id, courseId, title, description, sortOrder, isLocked, unlockAfterModuleId)
VALUES ('module-seed-017', 'course-seed-005', 'Team Building & Talent Development', 'Build high-performing teams and develop the next generation of civil service leaders.', 4, 0, 'module-seed-016');

INSERT OR IGNORE INTO lms_lessons (id, moduleId, courseId, title, contentType, content, sortOrder, estimatedDuration, isRequired, isPreviewable, xpReward)
VALUES ('lesson-seed-044', 'module-seed-017', 'course-seed-005', 'Building High-Performing Teams in Government', 'text',
'# Building High-Performing Teams in Government

Effective public service delivery depends not on individual brilliance but on the collective performance of teams. Senior civil servants must know how to build, manage, and sustain high-performing teams within the unique constraints of the government environment.

## Characteristics of High-Performing Teams

High-performing teams in the civil service share these qualities:

- **Clear purpose**: Every member understands how the team''s work contributes to the MDA''s mandate and national development
- **Shared goals**: The team has specific, measurable objectives that all members are committed to
- **Complementary skills**: Members bring diverse expertise and perspectives
- **Mutual accountability**: Team members hold each other (not just the leader) accountable
- **Trust and respect**: Members feel safe to express opinions, admit mistakes, and ask for help
- **Open communication**: Information flows freely, and conflicts are addressed constructively
- **Results orientation**: The team focuses on outcomes, not just activities

## Building Your Team

### 1. Define the Team''s Mission and Goals

Start by clearly articulating:

- Why does this team exist?
- What specific results must we deliver?
- How does our work connect to the MDA''s strategic plan?
- What does success look like?

### 2. Assess and Develop Skills

Evaluate your team''s current capabilities against what is needed:

- Map each member''s strengths, skills, and development areas
- Identify gaps and plan how to fill them (training, recruitment, or redeployment)
- Cross-train team members to build resilience

### 3. Establish Norms and Ways of Working

High-performing teams have explicit agreements about:

- How decisions are made (consensus, majority, leader decides after consultation)
- How meetings are conducted (agenda, timekeeper, action items)
- How conflicts are resolved (directly between parties, escalation path)
- How work is distributed and deadlines managed

### 4. Build Psychological Safety

Psychological safety is the belief that you will not be punished for making mistakes or speaking up. Research by Google (Project Aristotle) found it to be the single most important factor in team effectiveness.

Leaders create psychological safety by:

- Admitting their own mistakes
- Asking genuine questions and listening to answers
- Responding to mistakes with curiosity ("What can we learn?") rather than blame
- Recognizing contributions publicly
- Addressing bullying or disrespectful behaviour immediately

## Managing Team Dynamics

### The Five Dysfunctions of a Team (Patrick Lencioni)

1. **Absence of trust**: Team members are guarded and unwilling to be vulnerable
2. **Fear of conflict**: Artificial harmony prevents productive debate
3. **Lack of commitment**: Without honest debate, decisions lack buy-in
4. **Avoidance of accountability**: Without commitment, no one holds peers accountable
5. **Inattention to results**: Personal goals take priority over team goals

Address these dysfunctions from the bottom up: trust first, then conflict, then commitment, then accountability, then results.

### Dealing with Difficult Team Members

In the civil service, you may not be able to choose all your team members. When faced with difficult situations:

- Address behaviour privately and specifically (not "you have an attitude problem" but "in the last two meetings, you interrupted colleagues multiple times")
- Seek to understand underlying causes (frustration, personal issues, skills mismatch)
- Set clear expectations and consequences
- Document discussions and agreed actions
- Escalate to HR only after direct intervention has been attempted

## Sustaining High Performance

- Celebrate achievements, both big and small
- Regularly revisit goals and adjust as needed
- Invest in team development through retreats, training, and stretch assignments
- Rotate responsibilities to prevent burnout and build versatility
- Protect the team from unnecessary bureaucratic burden
- Model the behaviour you expect from team members',
1, 30, 1, 0, 10);

INSERT OR IGNORE INTO lms_lessons (id, moduleId, courseId, title, contentType, content, sortOrder, estimatedDuration, isRequired, isPreviewable, xpReward)
VALUES ('lesson-seed-045', 'module-seed-017', 'course-seed-005', 'Mentoring and Developing Future Leaders', 'text',
'# Mentoring and Developing Future Leaders

One of the most important responsibilities of senior civil servants is developing the next generation of leaders. The civil service''s long-term effectiveness depends on a pipeline of capable, ethical, and motivated officers ready to assume greater responsibilities.

## Why Talent Development Matters

- **Succession planning**: Senior officers retire or move on; the service must be prepared
- **Institutional memory**: Knowledge transfer prevents the loss of organizational wisdom
- **Motivation and retention**: Officers who see development opportunities are more engaged
- **Service quality**: A well-developed workforce delivers better services to citizens
- **National development**: Ghana''s development agenda requires a capable civil service at every level

## The Role of Mentoring

Mentoring is a developmental relationship in which a more experienced person (mentor) provides guidance, support, and advice to a less experienced person (mentee).

### Benefits of Mentoring

**For the Mentee**:
- Accelerated learning from someone who has navigated similar challenges
- Access to networks and opportunities
- A safe space to discuss career concerns and dilemmas
- Guidance on navigating the civil service culture and politics

**For the Mentor**:
- Personal satisfaction from developing others
- Fresh perspectives and new ideas from younger officers
- Enhanced leadership skills
- Strengthened professional network
- A lasting legacy within the civil service

**For the Organization**:
- Stronger leadership pipeline
- Better knowledge transfer
- Improved staff morale and retention
- Enhanced organizational culture

### How to Be an Effective Mentor

1. **Listen more than you talk**: Understand the mentee''s aspirations, challenges, and context before offering advice
2. **Share experiences, not prescriptions**: Tell your story and let the mentee draw their own lessons
3. **Be honest and constructive**: Provide frank feedback, even when it is uncomfortable
4. **Open doors**: Introduce your mentee to opportunities, people, and experiences that will broaden their horizons
5. **Respect confidentiality**: What is shared in the mentoring relationship stays between mentor and mentee
6. **Be patient**: Development takes time; do not expect overnight transformation
7. **Set boundaries**: Be clear about your availability and the scope of the relationship

### Structuring a Mentoring Relationship

- **Initial meeting**: Discuss goals, expectations, and logistics
- **Regular meetings**: Monthly or bi-monthly, 60-90 minutes
- **Between meetings**: Mentee works on agreed actions; mentor is available for brief consultations
- **Annual review**: Assess progress and decide whether to continue, adjust, or conclude

## Beyond One-on-One Mentoring

### Coaching

While mentoring is broad and relationship-driven, coaching is focused on specific skills or performance areas:

- Help officers prepare for promotion examinations
- Coach team leaders on management skills
- Provide targeted support for officers on Performance Improvement Plans

### Job Rotation and Secondments

Expose developing officers to different areas of the civil service:

- Cross-divisional assignments within your MDA
- Secondments to other MDAs or international organizations
- Committee assignments that broaden perspective

### Action Learning

Small groups of officers work together on real organizational challenges:

- Each person presents a challenge from their work
- The group asks questions and offers perspectives
- Members apply insights and report back

### Succession Planning

As a senior leader, actively identify and prepare potential successors:

- For each key role in your unit, identify 2-3 officers who could step up
- Provide these officers with stretch assignments and development opportunities
- Share institutional knowledge and introduce them to key stakeholders
- Gradually delegate responsibilities to test and build their capabilities

## Building a Development Culture

- Make talent development a standing item in management meetings
- Include "developing others" as a competency in performance appraisals for supervisors
- Allocate budget for staff training and professional development
- Celebrate officers who invest in developing their teams
- Create peer learning communities where officers share knowledge

The best leaders are measured not only by what they achieve but by what their teams achieve after they have moved on. Invest in developing others, and your impact will outlast your tenure.',
2, 30, 1, 0, 10);
